0.1464405,0.6455681
0.30829012,0.13464954
-0.2290356,0.43768233
-0.18723837,1.175319
1.3909882,-0.34967545
0.8751751,0.086684756
0.20413369,1.2767899
-1.2868918,-1.238612
-1.4393448,0.99785954
0.8344703,1.1100365
1.435855,0.8974757
-0.11556191,0.84158754
-1.1451768,0.41976306
-1.0699401,1.3340068
0.06554496,-0.25601417
-0.70633316,0.8227011
-0.131549,0.20530185
-1.4436306,0.3529065
0.33628717,0.350802
1.3312442,0.5454609
-0.4214763,-0.18890414
0.5928936,-1.3193235
0.50030017,0.5119136
-0.8688523,-1.113221
-0.55371493,-0.4088677
0.21059032,-0.18419546
1.4651215,-1.1938655
-0.87336975,-1.0160714
0.459325,-0.7401252
-0.101067685,-0.7667232
-1.0230912,-1.1688746
0.46898878,-1.0854511
-0.9102529,-0.3938245
0.9629797,-1.2086961
1.0138347,-1.2117047
1.4293784,-0.09404639
1.4302833,0.31453657
0.7177907,-1.3824366
-0.65157914,-1.1394103
-0.6115794,-1.1438168
-0.5460505,-0.25721103
-1.3075575,0.57741636
0.19980437,-0.70383155
0.06974416,-1.2181785
0.22783948,1.2878886
-0.54429317,0.5022311
-1.1046064,0.64898163
-0.6317817,-0.9504259
0.2595388,-1.4396774
0.9868201,-1.4859135
0.5334496,-0.6899761
0.7055821,1.3865657
-0.75374055,0.22847201
0.2761258,0.21675572
-0.8307551,1.358247
-0.15862386,1.039226
0.59843785,-0.60768914
0.94139344,-0.31048277
1.1433096,0.24381861
1.1452061,0.57759476
0.67576283,0.003973146
1.3682508,0.4319706
-0.22843486,0.31917965
-1.4424204,-0.5952755
0.4805206,-0.6297672
0.3540463,-0.2136939
-1.0935779,-0.605153
0.20989473,0.2726183
0.22297575,0.45960245
0.4563098,-0.2057447
1.1896398,-0.3973144
-0.19240522,1.17577
0.91858196,0.6116657
-1.1993194,1.2584479
0.6427239,1.496541
-1.051655,1.1043782
-1.0125211,0.3466787
-1.12854,1.0440247
0.9219569,0.20730221
-0.2784501,-1.2924991
0.59228635,-0.13937195
0.6661668,1.099147
1.4265646,1.06741
-1.4648577,-0.42006582
0.6899717,-0.98511094
0.063109815,-1.3369861
-0.9000104,-1.4444346
0.8810931,-0.8282259
-0.46394497,1.2842438
0.6132432,-1.4044832
-1.0059175,0.3644352
0.23168577,-0.7863215
1.302642,0.34189788
0.10689841,0.26972994
0.6903661,-0.564165
-0.3053368,-0.87046874
-0.941421,1.3331171
0.71865237,-0.028623573
-0.8177561,-0.73693055
-1.3259125,-0.19675012
-0.5646123,0.58903044
-0.3667445,-0.961189
-1.4259638,-1.2982512
0.5381783,-0.13890946
0.109737635,1.1900139
1.4710169,-0.849309
0.4892346,-0.7100329
-1.438047,0.77513593
-0.5399485,-0.34960833
0.26495135,0.99314535
0.38694555,1.117952
-0.6793739,0.8941405
-0.94309217,1.358375
0.56246483,-0.85347694
1.3421118,0.6925674
-0.7381751,-0.8600641
0.054602142,-1.4230119
-0.87758976,-0.2259436
-0.37749007,-0.109273724
-0.6671139,0.26035303
1.0915668,-1.1474044
0.052137323,-1.1037956
0.65057904,-0.3118209
0.19626394,-0.9501605
-1.0654567,-0.035831157
-0.4331618,1.3212959
0.79597574,0.7459909
1.2111592,-1.2497327
0.15657741,0.25342822
1.3858092,-0.62355745
-0.7775137,-1.1991181
-1.4507111,1.2885879
0.50974965,0.85545874
-0.65480965,0.2592305
-1.3081342,-0.043117214
1.4324855,1.1295158
-0.48552313,1.3847104
-0.8048951,1.3479564
1.3241332,0.89760774
0.3913438,1.1228639
-0.62093914,1.0468307
0.35363007,-1.4602895
-0.45829946,-1.0555774
1.4454882,-0.06488908
-0.007825904,0.41841754
-0.3942462,-1.0892992
0.9663532,-0.9304563
0.03395695,-0.8270489
-1.2064666,1.0865746
1.4187585,1.382504
1.2196665,0.822142
-0.5005645,-1.2566959
-0.27827647,-0.8032976
-1.1025372,-1.3397185
0.6767831,-1.4657177
0.81174225,-1.0591601
-1.2614337,-1.2311909
0.51614344,-0.7638984
-0.2383816,0.17210637
1.0816535,0.6811328
-0.6890163,-1.1055516
-1.3338771,-0.5952041
-0.7136456,-0.1315783
0.549844,0.58687633
-0.64944345,-0.36021912
-0.95654714,0.8656365
-1.3294557,0.59099174
0.8360862,0.8322227
-0.7217323,-0.37856057
0.2627989,-0.6815343
-0.3874416,-0.90883714
-0.12043235,-1.3661631
0.89938766,-1.2691307
0.056505445,-0.5795697
0.23262885,1.3783001
0.43671075,-1.3939127
-0.20879269,0.030050557
0.10853248,0.54417753
-0.6672117,-1.1134183
-0.32197297,1.3692172
-0.93860734,1.2119519
0.13141786,-0.12926574
1.1461242,-0.12418812
0.67250293,-0.30292404
1.2121332,0.57007504
0.59886616,-0.5168388
0.7703359,0.40818316
-0.7799392,-1.0183835
0.8891744,1.3774998
-0.12558351,0.2729525
1.0731679,-0.12832963
1.3556235,0.22725348
0.9623014,1.2265311
0.94657147,-1.0217566
0.38669533,-0.30469722
-1.3118612,-0.22790325
-0.7239478,1.047115
-1.4000862,1.3769481
-0.43389344,-0.42987934
-1.4510145,-0.94430304
-0.2962215,1.2878742
-1.2011552,1.3359046
1.1084656,-0.1375128
-0.51989734,-0.8017676
0.34339413,-1.4007763
-1.4531819,-0.21361284
-1.2957778,-0.74417704
-0.8365173,-0.7404264
-1.1068343,-1.4638914
-1.1535472,0.35544077
1.4227686,1.471035
-0.27283773,-1.0111368
0.41628528,-0.02908396
1.4682293,-1.3040874
0.8497033,-0.6348045
-0.77574414,0.48751372
-0.7618104,0.49757734
0.05192555,-0.22773303
0.16406342,-0.63884544
0.6197241,-0.2554294
-0.41836333,0.98597074
1.2749008,-1.361978
-0.802119,-0.4544419
0.94489944,1.4564743
1.4069151,1.2148451
-0.6103312,1.4760337
-0.75173986,-1.1822815
1.3528578,-0.79973924
0.5693048,-1.3249309
0.6921273,1.1451607
-0.6826893,-0.3628293
-0.37711146,0.7463648
-0.7865783,-0.9844407
-0.15212506,-0.58659476
1.0175674,-0.7867745
0.0071683726,1.3277508
0.4019931,1.1018683
1.3206291,0.7522946
0.5987252,1.4038967
1.4832023,-0.14453495
-1.2873907,-0.6216179
-1.0429358,-0.24754088
-1.106132,0.3123534
-0.35157582,1.1861577
1.403384,0.1406547
-0.6755293,0.27669126
1.1902834,-0.27979997
0.15623483,-0.6850417
-0.13366756,-0.29485938
-0.7547596,0.017599152
-0.56885755,-0.3808954
0.074911326,0.75178504
-0.4994776,1.2724763
1.0869557,-1.3539292
-0.73907244,-0.16159347
-1.1861163,-0.45457202
0.72029257,0.5415434
0.3671533,0.6315852
-0.88522893,-0.47490567
0.5287275,1.1377043
0.13103417,-0.65190107
-1.4092942,0.6310105
-1.4763477,-0.38196278
0.091611646,1.2663344
-1.2315164,-0.28217304
-1.4270604,-0.47216704
0.36669317,-0.66279614
-0.8707501,-1.1528903
0.23142073,0.58581
0.5158714,1.346583
-1.4918903,0.44158995
0.3011767,0.26621884
1.3883109,-1.4493849
0.5894473,0.9410359
0.02942159,-0.49810538
0.8725205,-1.2082713
-0.1738931,0.059857123
0.58186924,-1.2273428
-0.8167215,-0.2690953
0.369884,1.1608824
0.3564785,-1.0996156
1.4417404,1.1153572
0.008162283,1.267044
0.12414238,1.2699182
0.9896921,1.4048592
1.2593484,-1.3918985
-0.975684,-0.33259597
1.3564281,-0.59991324
-1.0185971,1.158914
-0.16081676,1.2236267
-1.0193086,0.48335254
-0.17920874,-1.2705396
0.58938944,-0.75780374
-1.3811535,-1.3201671
-1.3167644,1.2231989
0.71965176,1.194187
0.5177469,0.08681979
-0.5866609,1.4938867
-0.41343284,-0.08805315
-0.36526448,1.4385808
-0.23131011,0.97288
-0.7190983,0.6806492
-0.8295176,0.5584807
-0.8690265,0.49476546
-0.88886046,0.458178
-0.8998462,0.43620732
-0.9064681,0.4222741
-0.91088295,0.4126649
-0.9143753,0.4048676
-0.91891104,0.3944649
-0.9524379,-0.30473262
-0.87671703,-0.48100647
-0.87671703,-0.48100647
-0.87671703,-0.48100647
-0.87671703,-0.48100647
-0.87671703,-0.48100647
-0.87671703,-0.48100647
-0.87671703,-0.48100647
-0.87671703,-0.48100647
-0.87671703,-0.48100647
-0.87671703,-0.48100647
-0.87671703,-0.48100647
-0.87671703,-0.48100647
-0.87671703,-0.48100647
-0.87671703,-0.48100647
-0.87671703,-0.48100647
-0.87671703,-0.48100647
-0.87671703,-0.48100647
-0.87671703,-0.48100644
-0.87671703,-0.48100647
-0.87671703,-0.48100644
-0.87671703,-0.48100644
-0.87671703,-0.48100644
-0.7926356,-0.4348756
-0.5944767,-0.3261567
-0.44585752,-0.24461752
-0.33439314,-0.18346314
-0.6859556,0.003996134
-0.68904626,0.106579326
-0.723519,0.15538433
-0.6857867,0.069961235
-0.6864332,0.043133862
-0.69036376,-0.0020972043
-0.69474906,-0.004499864
-0.69072247,-0.041570093
-0.6999896,-0.08085556
-0.7047842,-0.10683584
-0.70497847,-0.12435278
-0.70163494,-0.13668069
-0.69383913,-0.14822185
-0.67653537,-0.16618823
-0.6551575,-0.18589026
-0.73546886,-0.0051885694
-0.89685,0.013460023
-0.8921521,0.03267935
-0.83947784,-0.0020083608
-0.8248906,-0.033880875
-0.8605686,-0.03860151
-0.7157814,-0.19022712
-0.6849512,-0.23507723
-0.6982121,-0.23171526
-0.7222914,-0.21214145
-0.7519044,-0.18570334
-0.7979233,-0.14809155
-0.72796774,0.0018318892
-0.71915233,-0.013956398
-0.74587166,-0.020275377
-0.78903586,-0.05879698
-0.83179474,-0.10750401
-0.85292673,-0.12770186
-0.8678606,-0.1306014
-0.8833549,-0.12594838
-0.89859074,-0.11831224
-0.9153778,-0.112547725
-0.9327077,-0.108587794
-0.95181525,-0.105989836
-0.9779951,-0.10318394
-0.7405746,0.091622815
-0.594884,0.24781646
-0.7465801,-0.01586014
-0.81547576,-0.01183988
-0.82399356,0.06069305
-0.8152649,0.029504895
-0.80606073,0.013466925
-0.78901345,0.0072001796
-0.786753,0.006349345
-0.7966168,0.006941096
-0.8114697,0.008189171
-0.85535944,0.013172686
-0.64520407,0.0246405
-0.66216236,-0.010673432
-0.6572562,0.07610085
-0.689499,0.17036694
-0.72371215,0.19535217
-0.7481113,0.16888341
-0.8102241,0.15883993
-0.8408556,0.15636598
-0.86074615,0.14679947
-0.8641844,0.15295596
-0.86074024,0.16378649
-0.8551838,0.17399965
-0.8495977,0.18158232
-0.8463851,0.18469214
-0.8465849,0.18279085
-0.8492308,0.1770843
-0.85365903,0.16848376
-0.85944057,0.15760821
-0.7773608,0.22187406
-0.7267107,0.25915262
-0.64925367,0.37297797
-0.59786725,0.4456352
-0.5549375,0.50008667
-0.5949838,0.48148996
-0.9820387,0.18867949
-0.9289285,-0.3702592
-0.9289285,-0.37025923
-0.9289285,-0.3702592
-0.9289285,-0.37025923
-0.9289285,-0.37025923
-0.9289285,-0.37025923
-0.9289285,-0.3702592
-0.9289285,-0.37025923
-0.9289285,-0.37025923
-0.9289285,-0.3702592
-0.87619627,-0.34924084
-0.6571472,-0.2619306
-0.49286044,-0.19644797
-0.3696453,-0.14733598
-0.6971257,0.033522204
-0.85455084,-0.1485295
-0.78483975,-0.09353927
-0.7701329,-0.075203545
-0.76752174,-0.040219776
-0.7620702,0.0015923884
-0.76336956,0.028667733
-0.76565874,0.046103977
-0.7664117,0.057692178
-0.76399636,0.06639656
-0.75518966,0.075335816
-0.7179839,0.096297935
-0.71488506,0.09821549
-0.6671392,-0.016444474
-0.6812365,0.03446678
-0.6866349,-0.024075951
-0.6866419,-0.019950693
-0.7203342,-0.004208833
-0.6475122,-0.08760986
-0.62437516,-0.04434529
-0.6146007,-0.019357279
-0.6121449,-0.007600538
-0.6108834,-0.0012390879
-0.6102389,0.0022272733
-0.60991246,0.0041320757
-0.60974985,0.0051896377
-0.60967124,0.0057845116
-0.6096354,0.0061247856
-0.6096214,0.0063239243
-0.60961854,0.00644435
-0.60962176,0.006521046
-0.60962945,0.006574689
-0.6135564,0.004190057
-0.6293376,-0.0051186797
-0.8054193,0.15478896
-0.92849874,0.07096416
-0.99998784,-0.004932914
-0.99998784,-0.004932914
-0.99998784,-0.004932914
-0.99998784,-0.004932914
-0.99998784,-0.004932914
-0.99998784,-0.004932914
-0.99998784,-0.004932914
-0.99998784,-0.004932914
-0.99998784,-0.004932914
-0.99998784,-0.004932914
-0.99998784,-0.004932914
-0.99998784,-0.004932914
-0.99998784,-0.0049329144
-0.996036,-0.00491342
-0.747027,-0.0036850648
-0.56027025,-0.0027637987
-0.42020267,-0.0020728488
-0.31515202,-0.0015546368
-0.71301204,-0.017152756
-0.7868333,-0.016018013
-0.8783997,-0.12931824
-0.9807409,-0.1953133
-0.98516554,-0.17160724
-0.9876756,-0.15651466
-0.99058986,-0.13686398
-0.9925522,-0.12181929
-0.9938433,-0.110795826
-0.9949285,-0.10058296
-0.99613476,-0.08784354
-0.9978056,-0.066259384
-0.98577356,0.0014015585
-0.6765455,0.010553509
-0.655115,0.027827526
-0.6666824,0.03493832
-0.63119215,0.026908532
-0.60614836,0.019839179
-0.5263502,0.04467672
-0.47224325,0.10632417
-0.50684047,0.14997204
-0.55556774,0.17798279
-0.5876541,0.19685353
-0.6091007,0.20911533
-0.62525946,0.21684813
-0.64120317,0.2211749
-0.67918855,0.21939419
-0.70088905,0.21838495
-0.71354115,0.21780305
-0.72112554,0.21745992
-0.7258584,0.21725129
-0.72900474,0.21711893
-0.74233824,0.3162505
-0.685447,0.45292377
-0.6269129,0.11444613
-0.7017195,0.16340263
-0.8105009,0.21691582
-0.7574302,0.23001482
-0.025830925,0.5267246
-0.23062442,0.2382658
-0.35504478,-0.05179611
-0.60721064,-0.11373518
-0.7792981,-0.1296833
-0.883923,-0.13372278
-0.9318768,-0.111013636
-0.9637865,-0.10191787
-0.9690182,-0.0901496
-0.97156215,-0.08339354
-0.97262645,-0.07935596
-0.9728486,-0.07679861
-0.97256184,-0.075054005
-0.97186995,-0.073879175
-0.9515872,-0.10475692
-0.8782336,-0.18654977
-0.99998903,-0.0046780664
-0.99998903,-0.0046780664
-0.99998903,-0.0046780664
-0.99998903,-0.0046780664
-0.99998903,-0.0046780664
-0.99998903,-0.0046780664
-0.99998903,-0.0046780664
-0.99998903,-0.0046780664
-0.99998903,-0.004678066
-0.99998903,-0.004678066
-0.99998903,-0.004678066
-0.99998903,-0.0046780664
-0.99998903,-0.004678066
-0.91641897,-0.0042871153
-0.6873142,-0.0032153367
-0.5154857,-0.0024115024
-0.38661426,-0.0018086268
-0.6790636,0.023470998
-0.6663983,0.09590658
-0.6281305,0.09723134
-0.6610612,0.08674367
-0.6641818,0.10191901
-0.6899202,0.0100603085
-0.70272595,-0.040349558
-0.7043777,-0.07171457
-0.70082855,-0.0921949
-0.69528735,-0.10615852
-0.6905741,-0.11027627
-0.685738,-0.107096784
-0.68208843,-0.10347168
-0.67906183,-0.099546865
-0.6762352,-0.09537864
-0.6725349,-0.09076748
-0.82556695,-0.03286758
-0.92961425,-0.0021259524
-0.99607295,0.024279308
-0.9996113,0.027878249
-0.9996113,0.027878249
-0.9996113,0.027878249
-0.9996113,0.027878249
-0.9996113,0.027878249
-0.9996113,0.027878249
-0.9996113,0.027878249
-0.9996113,0.027878249
-0.9996113,0.027878249
-0.9996113,0.02787825
-0.9996113,0.027878249
-0.9996113,0.02787825
-0.9996113,0.027878249
-0.9996113,0.027878249
-0.9996113,0.02787825
-0.84409213,0.02354096
-0.63306904,0.01765572
-0.4748018,0.01324179
-0.35610136,0.009931343
-0.7171267,0.06512225
-0.82502896,-0.122616604
-0.7823024,-0.020531014
-0.77107394,0.00071410835
-0.76671726,0.043673374
-0.7728417,0.07067044
-0.7803621,0.08759616
-0.78621674,0.09848118
-0.7895464,0.10597205
-0.7903198,0.11166468
-0.7882799,0.11762214
-0.7831018,0.12513614
-0.7733255,0.13626999
-0.7496532,0.16128182
-0.69673705,0.21636748
-0.728383,-0.043847293
-0.88098824,-0.039844036
-0.8322538,-0.07015868
-0.7627793,-0.09829565
-0.7485713,-0.106542364
-0.7231071,-0.10158448
-0.721646,-0.08223659
-0.74368584,-0.053248387
-0.75931644,-0.036315013
-0.76987684,-0.025443636
-0.7770754,-0.017742008
-0.78159404,-0.011596486
-0.78506184,-0.0070787743
-0.78948987,-0.002925247
-0.7968204,0.0036931932
-0.8117455,0.017847314
0.9999447,-0.010280669
0.8309073,-0.17045274
0.728192,-0.23560199
0.65738136,-0.12329362
0.3228776,-0.016820595
-0.005957246,0.11506429
-0.46649802,0.3284728
-0.778309,0.46802312
-0.787254,0.4470125
-0.99998194,-0.0060127713
-0.99998194,-0.0060127713
-0.99998194,-0.0060127713
-0.99998194,-0.0060127713
-0.99998194,-0.0060127713
-0.99998194,-0.0060127713
-0.99998194,-0.0060127713
-0.99998194,-0.0060127713
-0.99998194,-0.0060127713
-0.99998194,-0.0060127713
-0.99998194,-0.0060127713
-0.99998194,-0.0060127713
-0.99998194,-0.0060127713
-0.99998194,-0.0060127713
-0.99998194,-0.0060127713
-0.99998194,-0.0060127717
-0.99998194,-0.0060127717
-0.99998194,-0.0060127713
-0.7723037,-0.00464377
-0.5792278,-0.0034828272
-0.43442082,-0.0026121205
-0.32581562,-0.0019590904
-0.7222804,-0.018304795
-0.7194123,-0.006535478
-0.95891166,0.06977185
-0.979604,0.03297691
-0.9915262,0.011672705
-0.9982534,-0.0002743348
-0.996914,0.0784997
-0.99368846,0.11217451
-0.9927662,0.12006323
-0.99281836,0.11963216
-0.99326396,0.11587366
-0.9939152,0.110148266
-0.9948596,0.101262674
-0.99659514,0.08245006
-0.99905866,0.043380857
-0.6645962,-0.02986142
-0.6874716,-0.08436465
-0.6728866,-0.058276206
-0.67914456,-0.10559925
-0.67041844,-0.0768364
-0.7117526,-0.04421587
-0.7393038,-0.03275086
-0.7353006,-0.043539353
-0.7381199,-0.04718239
-0.73956543,-0.049192518
-0.74030197,-0.050312307
-0.74067277,-0.05094377
-0.74085623,-0.051304758
-0.74094385,-0.051514868
-0.7409828,-0.051639993
-0.7409972,-0.051716693
-0.7409989,-0.05176588
-0.7409944,-0.051799208
-0.74098575,-0.051823873
-0.7409717,-0.051845875
-0.7214213,-0.060359698
-0.2899546,-0.21300723
-0.8080021,0.16503641
-0.740718,0.06239025
-0.7390369,0.08564398
-0.7545187,0.09841599
-0.8151684,0.051869914
-0.86291564,0.0279755
-0.897802,0.015400723
-0.92333555,0.008151948
-0.93983376,0.0053411424
-0.9505206,0.0040110946
-0.95769036,0.0026219487
-0.9629921,0.0001809597
-0.9682059,-0.0048413277
-0.8159982,0.13767886
-0.69745636,0.24264622
-0.576468,0.34050727
-0.004478812,0.7464642
0.100133054,0.8152254
0.15886843,0.85147506
0.20537211,0.8691244
0.23523395,0.8756925
0.2413674,0.8803609
0.23134291,0.8844777
0.16971478,0.7885109
0.112487525,0.72821635
0.039435253,0.68652797
-0.008418816,0.6525828
-0.041557103,0.6132804
-0.10441001,0.46221608
-0.4589069,-0.5406351
-0.7281468,0.02799949
-0.7347688,0.03348097
-0.72285813,0.03251271
-0.9223682,0.17607743
-0.93531495,0.20741491
-0.91561735,0.20782669
-0.9045361,0.1933126
-0.9400704,0.106165625
-0.96532226,0.042346004
-0.9997113,0.024027428
-0.99995387,-0.009605117
-0.9999989,0.0014228225
-0.99996704,0.008122176
-0.99992144,0.012525529
-0.9998745,0.015852332
-0.9998195,0.019001126
-0.6064099,-0.2214551
-0.43912217,-0.066818036
-0.529035,0.1039736
-0.6094305,0.06637998
-0.6750051,0.06005643
-0.71703875,0.054057036
-0.75869983,0.04717947
-0.7885042,0.04121692
-0.88231283,-0.027062315
-0.9269346,-0.05527987
-0.9706025,-0.06928374
-0.99763703,-0.068705186
-0.99882424,-0.048477203
-0.99939245,-0.03485152
-0.99965954,-0.026096046
-0.99979734,-0.020148516
-0.75481933,0.11737442
-0.756652,0.11224865
-0.7794153,0.108811826
-0.7812847,0.11208678
-0.775528,0.12017177
-0.7116503,0.16019955
-0.67745054,0.19362143
-0.6532898,0.21142136
-0.6337471,0.22135031
-0.61799955,0.22586375
-0.6021836,0.22897592
-0.5846434,0.23353042
-0.56578034,0.24000284
-0.5674281,0.23567154
-0.57656515,0.22774789
-0.5847015,0.22129765
-0.59228057,0.21565107
-0.5996131,0.21040584
-0.60703015,0.20526715
-0.63578635,0.18929538
-0.6587534,0.17632002
-0.68088156,0.16378286
-0.7539429,0.12511222
-0.99999696,-0.002465874
-0.99390787,-0.11021387
-0.9751951,-0.22134683
-0.9623144,-0.2719393
-0.9623144,-0.2719393
-0.9623144,-0.2719393
-0.9623144,-0.2719393
-0.9623144,-0.2719393
-0.9623144,-0.2719393
-0.9623144,-0.2719393
-0.9623144,-0.2719393
-0.9623144,-0.2719393
-0.9623144,-0.2719393
-0.9623144,-0.27193928
-0.8235037,-0.23271292
-0.61762774,-0.1745347
-0.4632208,-0.13090102
-0.3474156,-0.09817577
-0.7137548,0.12728891
-0.78816956,0.2106907
-0.81461596,0.1515775
-0.8304701,0.17884365
-0.8644614,0.18011785
-0.7946167,0.22712232
-0.7586418,0.24974102
-0.7400581,0.259582
-0.7299454,0.26496205
-0.7243369,0.26791623
-0.7211267,0.2695412
-0.71924204,0.27044117
-0.71820176,0.27096477
-0.7176202,0.2712768
-0.71728957,0.27146894
-0.71709687,0.271593
-0.7169801,0.2716794
-0.7169035,0.27174848
-0.714668,0.2713738
-0.80480903,0.030742586
-0.95897365,-0.26402155
-0.96543235,-0.26065382
-0.96543235,-0.26065382
-0.96543235,-0.26065382
-0.96543235,-0.26065382
-0.96543235,-0.26065382
-0.96543235,-0.26065382
-0.96543235,-0.26065385
-0.96543235,-0.26065385
-0.96543235,-0.26065382
-0.96543235,-0.26065385
-0.96543235,-0.26065385
-0.96543235,-0.26065382
-0.96543235,-0.26065385
-0.86684936,-0.23403776
-0.650137,-0.17552832
-0.48760277,-0.13164623
-0.36570206,-0.09873468
-0.6700386,-0.022534043
-0.7012737,-0.029769614
-0.69289404,-0.13992313
-0.74001837,-0.1414546
-0.75979567,-0.13534662
-0.79427475,-0.10134088
-0.8199599,-0.07861942
-0.8374419,-0.06689508
-0.8939004,-0.019503755
-0.9272569,0.0053334804
-0.94772774,0.016839348
-0.96126986,0.019276457
0.19726181,-0.9803734
-0.1259778,-0.94219184
-0.19734246,-0.7535484
-0.27525544,-0.63506967
-0.35137737,-0.5557231
-0.3941878,-0.51099604
-0.4515117,-0.47126266
-0.49347138,-0.4335066
-0.5187428,-0.4103974
-0.53461444,-0.39551255
-0.5638016,-0.38203454
-0.60100174,-0.36498883
-0.6654319,-0.31967074
-0.91046053,0.41359603
-0.91046053,0.41359603
-0.91046053,0.41359603
-0.91046053,0.41359603
-0.91046053,0.41359603
-0.91046053,0.41359603
-0.91046053,0.41359603
-0.91046053,0.41359603
-0.91046053,0.41359603
-0.91046053,0.41359603
-0.91046053,0.41359603
-0.91046053,0.41359603
-0.91046053,0.41359603
-0.91046053,0.41359603
-0.9104605,0.41359603
-0.9054464,0.41131827
-0.67908484,0.3084887
-0.5093136,0.23136653
-0.38198522,0.1735249
-0.28648892,0.13014367
-0.71239007,0.016603082
-0.9999999,-0.0005306599
-0.9998109,-0.01944584
-0.9995983,-0.028339308
-0.99911076,-0.042163547
-0.99887097,-0.04750456
-0.99938387,-0.035098426
-0.9997988,-0.020060392
-0.9999794,-0.0064108297
-0.99999255,0.0038636606
-0.9999437,0.010611257
-0.999901,0.01406881
-0.99990046,0.014106428
-0.9999581,0.00916484
-0.99997437,-0.0071615353
-0.59426993,-0.015617341
-0.7605577,-0.0064953864
-0.7989748,-0.0019585695
-0.73069257,0.005657632
-0.7329903,-0.00081670284
-0.6664991,0.027260948
-0.61694086,0.06683671
-0.5837886,0.10283483
-0.5621261,0.13064803
-0.54821754,0.15047893
-0.5394088,0.1639644
-0.5338967,0.17284754
-0.53049487,0.17855087
-0.5284,0.18217821
-0.5269572,0.18472129
-0.5261991,0.18611498
-0.5258023,0.18688576
-0.52559763,0.18731655
-0.52549744,0.18756002
-0.5037628,0.22265913
-0.5025915,0.25428
-0.5067309,0.27352563
-0.5295566,0.2827685
-0.61019015,0.27806816
-0.6411218,0.29740638
-0.97925013,-0.20265523
-0.97925013,-0.20265523
-0.97925013,-0.20265521
-0.97925013,-0.20265521
-0.97925013,-0.20265521
-0.97925013,-0.20265521
-0.97925013,-0.20265523
-0.97925013,-0.20265521
-0.97925013,-0.20265521
-0.97925013,-0.20265521
-0.97925013,-0.20265523
-0.97925013,-0.20265521
-0.97925013,-0.20265521
-0.97925013,-0.20265521
-0.97925013,-0.20265521
-0.81356317,-0.1683664
-0.6101724,-0.1262748
-0.45762926,-0.0947061
-0.34322196,-0.07102957
-0.514731,-0.04097931
-0.5760961,-0.124960676
-0.5957136,-0.06502254
-0.60654,0.04677494
-0.5949932,0.13359904
-0.6094686,0.12151681
-0.6370027,0.11247621
-0.68363243,0.18171777
-0.73527837,0.21133628
-0.7753317,0.22122888
-0.8060251,0.21845216
-0.8292465,0.21247607
-0.8478561,0.21227089
-0.86213386,0.2152807
-0.87273,0.21981318
-0.8803902,0.22482572
-0.88580775,0.22974439
-0.8895645,0.23431374
-0.8921434,0.2384743
-0.89798707,0.2379937
-0.90336204,0.25215688
-0.9109415,0.290206
-0.92913043,0.3697521
-0.86828387,0.49606773
-0.8147134,0.5798638
-0.7749731,0.6319941
-0.749172,0.66237545
-0.7348188,0.67826337
-0.7317201,0.68160516
-0.7299479,0.6835028
-0.7287785,0.68474954
-0.7279145,0.6856679
-0.72721666,0.6864079
-0.7266162,0.68704355
-0.83383423,0.55201495
-0.8393836,0.25156632
-0.9860088,-0.16669317
-0.9189147,-0.3944564
-0.83054525,-0.5384152
-0.7311396,-0.6202397
-0.6431808,-0.68423986
-0.5629779,-0.73812205
-0.48430026,-0.7917734
-0.38900772,-0.8666785
-0.19756341,-0.9802901
-0.09110183,-0.982343
-0.031020248,-0.9705032
0.0032314984,-0.95195174
0.01742733,-0.827558
0.018241916,-0.6215966
0.016612697,-0.4668321
0.014098227,-0.35055396
0.011479485,-0.2632053
0.009339498,-0.19565985
0.10661672,-0.009320233
0.34648976,-0.069201395
-0.68810105,0.009387955
-0.6268672,0.01578385
-0.5670566,0.034186866
-0.53816915,0.08275217
-0.5518319,0.09489854
-0.6551389,0.07200325
-0.72436017,0.0710571
-0.777566,0.06721365
-0.8302698,0.07117288
-0.87528175,0.076333955
-0.90650654,0.0823559
-0.92074054,0.089436024
-0.90171343,0.1038283
-0.6838548,0.0029795766
-0.70650125,-0.10157801
-0.7867877,-0.19073528
-0.93539274,-0.3536107
-0.93496674,-0.3547353
-0.9362556,-0.35131902
-0.94225883,-0.33488667
-0.9470732,-0.32101893
-0.9523678,-0.3050232
-0.8520651,-0.16072895
-0.7987626,-0.07130718
-0.7701864,-0.012125343
-0.7548262,0.032842502
-0.71538085,0.10866141
-0.40169442,0.5121599
-0.53301835,-0.11682846
-0.6219906,-0.13333526
-0.6766582,-0.18253991
-0.6830789,-0.17301266
-0.6847639,-0.16602693
-0.7334339,-0.16750202
-0.84543955,-0.2010212
-0.8919696,-0.19420205
-0.91280997,-0.1753142
-0.9306238,-0.1595481
-0.9431712,-0.14698641
-0.9498164,-0.13894378
-0.9480226,-0.13522482
-0.94246304,-0.13378285
-0.9353975,-0.13353662
-0.9277915,-0.13392934
-0.9198803,-0.13468297
-0.91127867,-0.13572145
-0.900642,-0.13717535
-0.8800119,-0.14024287
-0.9529482,0.14328685
-0.98003143,0.19884259
-0.98003143,0.19884259
-0.98003143,0.19884259
-0.98003143,0.19884259
-0.98003143,0.19884259
-0.98003143,0.19884257
-0.98003143,0.19884257
-0.98003143,0.19884259
-0.98003143,0.19884257
-0.98003143,0.19884257
-0.98003143,0.19884259
-0.87361103,0.1772505
-0.6552083,0.13293788
-0.4914062,0.09970341
-0.36855465,0.07477756
-0.6948432,-0.029770851
-0.8036092,-0.042040847
-0.7650741,-0.037128128
-0.8271633,-0.03774193
-0.88137805,-0.06037544
-0.902331,-0.058898363
-0.9163027,-0.06318177
-0.9237594,-0.06537548
-0.92786545,-0.066524096
-0.93014073,-0.0670778
-0.93096054,-0.06701034
-0.9311546,-0.0666484
-0.9310733,-0.06606891
-0.93083227,-0.06518028
-0.9303861,-0.063646495
-0.929382,-0.060403302
-0.925611,-0.05054219
-0.9935477,-0.11341417
-0.6985415,0.03366919
-0.9910797,-0.05085429
-0.9851173,-0.081444904
-0.99999434,0.0033632931
-0.99999434,0.0033632931
-0.99987155,0.016028963
-0.999768,0.0215409
-0.9996486,0.026507035
-0.99954504,0.030160138
-0.9994474,0.033239275
-0.9993441,0.036214013
-0.99922085,0.039470833
-0.9990534,0.043501407
-0.9987846,0.049288608
-0.9982126,0.059763268
-0.99588543,0.09062192
-0.70705605,-0.038363427
-0.6880997,0.021521717
-0.6814327,0.06450409
-0.6829861,0.08670302
-0.85402656,0.08421132
-0.944607,0.068679065
-0.9980186,0.06292169
-0.9980056,0.063125186
-0.99791473,0.06454708
-0.9977373,0.06723468
-0.99741197,0.071897835
-0.99699414,0.0774775
-0.9964783,0.08385211
-0.9958564,0.09094097
-0.99514616,0.09840845
-0.9945111,0.10464966
-0.9779148,0.105389416
-0.9954791,0.09497902
-0.763912,0.11547257
-0.5290896,0.21172172
-0.5797371,0.12906033
-0.5802023,0.09914782
-0.55718505,0.15215637
-0.59654146,0.15265226
-0.6636365,0.13577574
-0.7315406,0.11376855
-0.7891444,0.09541577
-0.8248686,0.08867154
-0.84155715,0.0897207
-0.8218649,0.10802339
-0.74185467,-0.011095002
-0.7594241,-0.010364857
-0.99847853,-0.055142224
-0.99979967,-0.02001081
-0.99965656,-0.026204586
-0.9990904,-0.04264304
-0.99847066,-0.055284534
-0.997995,-0.06329303
-0.9976897,-0.067935824
-0.9975011,-0.070651874
-0.99736273,-0.07257838
-0.9972136,-0.07459898
-0.99698484,-0.07759717
-0.99655163,-0.082976714
-0.99555105,-0.09422433
-0.9921458,-0.12508899
-0.42171803,-0.008477032
-0.5863275,-0.10038634
-0.6702725,-0.06277686
-0.6974943,0.0008203313
-0.7256977,-0.07296318
-0.73450255,-0.034322955
-0.76248044,-0.045027226
-0.83095473,-0.06892739
-0.8774998,-0.067174226
-0.7785361,0.056746244
-0.7124616,0.15616384
-0.6698088,0.22126561
-0.6406858,0.26488855
-0.6182421,0.29624188
-0.5908334,0.32742748
-0.67609084,0.2627751
-0.82364166,0.14530522
-0.94268703,0.05081293
-0.999974,0.0072121806
-0.9999357,0.011347944
-0.9998458,0.017557759
-0.99921346,0.03965501
-0.99581856,-0.09135292
-0.6918277,0.19922593
-0.8556401,0.24622683
-0.92024434,0.2914343
-0.919968,0.28220302
-0.9213197,0.26659516
-0.9211813,0.25573438
-0.91985714,0.24832635
-0.91600186,0.23530194
-0.9143109,0.22353387
-0.9152721,0.21468692
-0.9152936,0.20786592
-0.9119455,0.20254758
-0.9076688,0.19870958
-0.9025764,0.19562745
-0.8967023,0.19285688
-0.8900768,0.19004096
-0.8835589,0.18573837
-0.9748907,-0.22268376
-0.9748907,-0.22268376
-0.9748907,-0.22268376
-0.9748907,-0.22268376
-0.9748907,-0.22268376
-0.9748907,-0.22268376
-0.9748907,-0.22268376
-0.9748907,-0.22268376
-0.9748907,-0.22268374
-0.9748907,-0.22268374
-0.9748907,-0.22268374
-0.9748907,-0.22268374
-0.9748907,-0.22268374
-0.9748907,-0.22268374
-0.78702116,-0.17977072
-0.59026587,-0.13482805
-0.44269937,-0.10112104
-0.3320245,-0.07584077
-0.71370775,0.08773385
-0.7410678,0.15289941
-0.78183436,0.15391792
-0.77450097,0.14350131
-0.7704106,0.1499615
-0.7903802,0.12092958
-0.7064205,0.21625066
-0.6390728,0.2975518
-0.5832812,0.36858904
-0.5788355,0.37361294
-0.5594671,0.3985833
-0.56686854,0.3870635
-0.58234245,0.36058956
-0.6010144,0.32635105
-0.6164177,0.29844072
-0.6316179,0.27214968
-0.64742124,0.24615075
-0.6646865,0.21900442
-0.6854392,0.18761387
-0.028141022,0.9996028
-0.1830719,0.9143094
-0.33486444,0.94226635
-0.5173474,0.82480884
-0.64952946,0.74457806
-0.71922773,0.6947744
-0.74952376,0.66197747
-0.7854574,0.6189157
-0.88315034,0.4690901
-0.9724003,0.23331876
-0.99711514,0.07590389
-0.99616027,-0.08754891
-0.97012067,-0.2426225
-0.6496141,-0.12377989
-0.71665186,-0.14609773
-0.8190602,-0.22811511
-0.8740963,-0.21628432
-0.9083203,-0.21326794
-0.94889253,-0.20605636
-0.97571266,-0.20532964
-0.9751308,-0.22163014
-0.97135246,-0.23764335
-0.9687026,-0.24822405
-0.96768904,-0.2521467
-0.96778655,-0.25177222
-0.96816206,-0.25032437
-0.96852136,-0.24893053
-0.9687891,-0.2478865
-0.96896505,-0.24719763
-0.969067,-0.24679789
-0.9690921,-0.24669921
-0.966273,-0.25751975
-0.96496975,-0.26236126
-0.96426064,-0.26495537
-0.9638389,-0.26648578
-0.9635647,-0.26747537
-0.96336937,-0.26817802
-0.9632176,-0.26872244
-0.8618042,-0.1289648
-0.6894282,-0.015698567
-0.62022763,0.055621542
-0.5635977,0.11254655
-0.5091219,0.16924691
-0.44298428,0.26075858
-0.40399513,0.48456156
-0.57248336,0.70158136
-0.68604946,0.7257842
-0.6880125,0.7256988
-0.7076831,-0.04092437
-0.6925806,-0.05397962
-0.7733654,-0.03427348
-0.8636336,-0.019880503
-0.9094584,0.029214442
-0.94935066,0.019079678
-0.96750504,0.018237943
-0.9753988,0.020185519
-0.9785424,0.022430776
-0.97957665,0.024129873
-0.9798402,0.025051415
-0.9803539,0.025116269
-0.9849267,0.024130667
-0.3486712,0.12152854
-0.43980178,-0.13518317
-0.58772177,-0.16882023
-0.6505773,-0.1775589
-0.6806537,-0.20449324
-0.7266405,-0.19134489
-0.7752415,-0.17791924
-0.83469933,-0.16559403
-0.8808249,-0.16593325
-0.9157294,-0.16994567
-0.93934005,-0.17583157
-0.95510495,-0.18057838
-0.96568954,-0.18340874
-0.9730156,-0.18428613
-0.97885484,-0.18333595
-0.9833126,-0.18192388
-0.98239595,-0.18681052
-0.98172843,-0.19028738
-0.9811668,-0.19316246
-0.95895284,-0.28356558
-0.92256576,-0.38583988
-0.88923854,-0.4574437
-0.86323607,-0.5048005
-0.84541017,-0.53411764
-0.83443445,-0.55110717
-0.8328708,-0.55346745
-0.831866,-0.55497646
-0.83112633,-0.5560837
-0.8305259,-0.55697995
-0.83000594,-0.5577546
-0.8295368,-0.558452
-0.82910377,-0.55909485
-0.8286986,-0.55969524
-0.8283166,-0.5602602
-0.9723554,-0.23350573
-0.8895903,0.45675936
-0.5975754,0.8018127
-0.34732515,0.93774474
-0.19984551,0.9798274
-0.110500254,0.99387604
-0.074624225,0.99721175
-0.074624225,0.99721175
-0.074624225,0.99721175
-0.07296913,0.97509456
-0.054726847,0.7313209
-0.041045137,0.5484907
-0.03078385,0.411368
-0.023087889,0.308526
-0.6413619,-0.015886247
-0.688744,0.05583771
-0.7442884,0.09602236
-0.9352523,0.353982
-0.9389285,0.34411258
-0.95376444,0.30055356
-0.9650901,0.26191795
-0.9759785,0.21786916
-0.9857836,0.16802502
-0.94586796,0.037243813
-0.73533857,-0.24747679
-0.67697686,-0.32405305
-0.6384967,-0.36564597
-0.59307355,-0.3919772
-0.72076595,-0.009599835
-0.99999994,0.00030690758
-0.99899924,0.044726174
-0.9989525,0.045757942
-0.99851286,0.054516308
-0.99828166,0.058599785
-0.99819434,0.060067274
-0.998199,0.059989713
-0.9982642,0.05889355
-0.9983751,0.056984663
-0.99852777,0.05424229
-0.9987285,0.050411504
-0.99899364,0.044854447
-0.9993504,0.036039963
-0.99980783,0.019597188
-0.99762726,-0.06885415
-0.59588087,0.10396367
-0.6413169,0.14274636
-0.6949915,0.21409875
-0.6730416,0.22154988
-0.7200067,0.28308278
-0.7257702,0.23945531
-0.7001549,0.17678161
-0.7038354,0.16683254
-0.7068612,0.15728898
-0.7119282,0.14639218
-0.71858054,0.1345073
-0.72569484,0.12241405
-0.7323402,0.110737726
-0.7379868,0.099827215
-0.7426244,0.08970784
-0.74675703,0.08016303
-0.7522128,0.07059667
-0.78208923,0.06187368
-0.79867274,0.049793683
-0.8072615,0.016235966
-0.8102652,-0.14543489
-0.8132283,-0.1446565
-0.8154637,-0.14379433
-0.8177014,-0.14304467
-0.8350365,-0.14921151
-0.98958975,-0.14391702
-0.98958975,-0.14391702
-0.98958975,-0.14391702
-0.98958975,-0.14391702
-0.98958975,-0.14391702
-0.98958975,-0.14391702
-0.98958975,-0.14391702
-0.98958975,-0.14391702
-0.98958975,-0.14391702
-0.98958975,-0.14391702
-0.8985999,-0.13068427
-0.67394996,-0.09801321
-0.50546247,-0.07350991
-0.37909687,-0.05513243
-0.59497523,-0.039856046
-0.635477,-0.052149374
-0.60642296,0.09281432
-0.5678294,-0.049137898
-0.54940873,-0.12132585
-0.5722502,-0.19536376
-0.6347513,-0.17153543
-0.7096147,-0.15892489
-0.77980304,-0.1647239
-0.83749056,-0.1654795
-0.8807464,-0.16547121
-0.91104174,-0.16519067
-0.9310995,-0.16450779
-0.9433542,-0.1636153
-0.9494087,-0.1627947
-0.9152626,-0.19171885
-0.33780405,-0.1433298
-0.50952023,-0.19018857
-0.5594564,-0.10738512
-0.6998941,-0.24263257
-0.76555574,-0.30824357
-0.76211554,-0.31970316
-0.7508724,-0.3229368
-0.7431649,-0.32032767
-0.7654678,-0.2762041
-0.7964043,-0.22034787
-0.82404846,-0.16945063
-0.8457244,-0.1275317
-0.8616709,-0.09441171
-0.8727692,-0.06884948
-0.8800245,-0.04931082
-0.8872595,-0.036096595
-0.8965745,-0.028702399
-0.90705585,-0.024632387
-0.92479193,-0.023687305
-0.94607025,-0.023982948
-0.94464374,-0.01628532
-0.9804539,0.19674897
-0.9804539,0.19674897
-0.9804539,0.19674897
-0.9804539,0.19674897
-0.9804539,0.19674897
-0.9804539,0.19674897
-0.9804539,0.19674899
-0.9804539,0.19674897
-0.9804539,0.19674899
-0.9804539,0.19674899
-0.9804539,0.19674897
-0.9804539,0.19674899
-0.9384161,0.1883132
-0.70381206,0.1412349
-0.5278591,0.10592618
-0.3958943,0.07944463
-0.29692072,0.059583474
-0.6976716,0.0024973154
-0.78601384,0.0071580857
-0.9458781,-0.050489724
-0.9340043,-0.004144497
-0.9104181,0.030285716
-0.90687543,0.057658114
-0.90573436,0.05578086
-0.9140431,0.039705247
-0.9305018,0.025618806
-0.9373423,0.01825662
-0.93781894,0.014934123
-0.9329804,0.01443398
-0.9302705,0.01786299
-0.9308434,0.027743716
-0.93685836,0.054601233
-0.5172068,0.13489908
-0.52451307,-0.0046460032
-0.55086994,0.052406058
-0.6148298,0.14779092
-0.6327096,0.13678049
-0.6551469,0.12432406
-0.67687905,0.112227045
-0.6878521,0.10398958
-0.69295913,0.09784747
-0.6956345,0.092547104
-0.6977503,0.08741996
-0.69960374,0.08236014
-0.70114046,0.07738258
-0.70231366,0.07249851
-0.7031587,0.06769645
-0.70380795,0.0629517
-0.7045781,0.058249023
-0.7067572,0.053713504
-0.8054344,0.045119576
-0.94619465,-0.107584275
-0.9966956,-0.08122793
-0.9966956,-0.08122793
-0.9966956,-0.08122793
-0.9966956,-0.081227936
-0.9966956,-0.08122793
-0.9966956,-0.081227936
-0.9966956,-0.081227936
-0.9966956,-0.081227936
-0.9966956,-0.081227936
-0.9966956,-0.08122793
-0.9966956,-0.081227936
-0.9966956,-0.081227936
-0.9966956,-0.081227936
-0.9966956,-0.081227936
-0.9966956,-0.08122793
-0.8575566,-0.069888495
-0.64316744,-0.05241637
-0.4823756,-0.039312277
-0.3617817,-0.029484209
-0.7626015,-0.09652325
-0.958546,-0.044263378
-0.99720967,-0.074652694
-0.9942889,-0.10672188
-0.99216217,-0.12495686
-0.9908172,-0.13520859
-0.9900156,-0.14095774
-0.9895492,-0.14419565
-0.98927903,-0.14603753
-0.9891214,-0.1471015
-0.9890278,-0.14772974
-0.9889705,-0.14811283
-0.9889336,-0.14835836
-0.9889081,-0.14852883
-0.9888872,-0.14866775
-0.9888586,-0.14885804
-0.9950263,-0.099612966
-0.99970645,-0.024229478
-0.98881525,0.1491455
-0.98881525,0.1491455
-0.98881525,0.1491455
-0.98881525,0.14914551
-0.98881525,0.1491455
-0.98881525,0.14914551
-0.98881525,0.1491455
-0.98881525,0.1491455
-0.98881525,0.14914551
-0.98881525,0.1491455
-0.98881525,0.1491455
-0.8852807,0.13352914
-0.6639606,0.10014685
-0.49797043,0.07511014
-0.37347782,0.056332603
-0.7416644,0.016141146
-0.9999999,-0.0005163789
-0.9999999,-0.0005163789
-0.9999999,-0.0005163789
-0.9999999,-0.0005163789
-0.957197,-0.061239902
-0.94858634,-0.07094873
-0.9677139,-0.095122725
-0.9932512,-0.11598307
-0.994711,-0.10271314
-0.99528426,-0.09700191
-0.9954673,-0.09510466
-0.99562037,-0.093487866
-0.9962356,-0.086687595
-0.7079497,-0.11855376
-0.69416934,-0.1665577
-0.8472754,-0.27901232
-0.83843744,-0.2852776
-0.893141,-0.28791785
-0.96008426,-0.27971104
-0.9297611,-0.36816347
-0.9063836,-0.42245567
-0.8907126,-0.45456684
-0.881089,-0.47295058
-0.8754936,-0.4832297
-0.8723412,-0.48889753
-0.8705931,-0.49200386
-0.8696288,-0.49370617
-0.8690965,-0.49464247
-0.86880124,-0.49516097
-0.86863583,-0.49545106
-0.8353449,-0.5497262
-0.8107552,-0.5853854
-0.7938765,-0.60807896
-0.7830311,-0.6219826
-0.77644014,-0.63019097
-0.77259636,-0.63489753
-0.7704121,-0.6375463
-0.7691867,-0.6390242
-0.76850116,-0.6398484
-0.7681165,-0.6403101
-0.97197676,-0.23507702
-0.9801067,0.19847094
-0.7949594,0.60666263
-0.4848753,0.8745833
-0.4848753,0.8745833
-0.4848753,0.8745833
-0.4848753,0.8745833
-0.4848753,0.8745833
-0.4848753,0.8745833
-0.4848753,0.8745833
-0.4848753,0.8745833
-0.4848753,0.8745833
-0.4848753,0.8745833
-0.47808748,0.8623399
-0.35856563,0.6467549
-0.2689242,0.4850662
-0.20169315,0.36379963
-0.15126987,0.27284974
-0.6500078,0.055023402
-0.6569644,0.053900994
-0.6515285,0.13362053
-0.6610662,0.19727641
-0.67097735,0.2276379
-0.62564903,0.32376993
-0.7584475,0.36557338
-0.8302732,0.33680105
-0.8341962,0.32865396
-0.8360051,0.34663087
-0.9231142,0.38452595
-0.92832243,0.371776
-0.9290904,0.36985278
-0.92825556,0.371943
-0.92705804,0.37491778
-0.92594266,0.37766412
-0.9250303,0.37989333
-0.9243142,0.3816324
-0.92373496,0.38303226
-0.9362037,0.3514578
-0.8930244,0.45000827
-0.8565668,0.5160362
-0.82887906,0.5594278
-0.809324,0.58736247
-0.79619795,0.6050362
-0.78764814,0.61612535
-0.78212035,0.6231274
-0.778482,0.62766683
-0.77595955,0.6307827
-0.7739902,0.6331975
-0.68332136,0.4691005
-0.5390719,0.27922118
-0.4125382,-0.16572773
-0.23492707,-0.6029662
-0.09727586,-0.7291377
-0.02216256,-0.6277691
0.009896554,-0.39939368
-0.1039756,0.009634618
-0.3211534,0.060079306
-0.49489385,0.1092082
-0.6032826,0.09381912
-0.689817,-0.021769442
-0.76000273,-0.003108967
-0.80745405,0.012274995
-0.8399425,0.024341477
-0.8611738,0.03285576
-0.87290573,0.037582036
-0.8794549,0.04023395
-0.88315856,0.041742753
-0.88525593,0.0425991
-0.8864128,0.04306575
-0.8869984,0.04328942
-0.88722223,0.043354236
-0.8872169,0.0433158
-0.88706106,0.043207362
-0.8867219,0.04300522
-0.8940551,0.046974454
-0.9336825,-0.0777469
-0.9288129,-0.090849645
-0.9441164,-0.086283244
-0.9699199,-0.06858895
-0.9920548,-0.045971908
-0.9994002,-0.034629654
-0.9994002,-0.034629654
-0.9994002,-0.034629654
-0.9994002,-0.034629654
-0.9994002,-0.034629654
-0.9994002,-0.034629654
-0.9518661,-0.034326218
-0.69548804,-0.12173031
-0.7272189,0.060334906
-0.7494699,0.053712204
-0.9999031,0.013919134
-0.9999417,0.010796416
-0.9995591,0.029692788
-0.9816198,-0.047892425
-0.8975166,-0.04137373
-0.8562467,-0.029364526
-0.8343612,-0.024757743
-0.8178117,-0.020915031
-0.8049793,-0.01493156
-0.79688656,-0.0009200573
-0.791457,0.0065602064
-0.7890824,0.009275794
-0.791103,0.0071173906
-0.802295,-0.0029409528
-0.849098,-0.037417024
-0.61349434,-0.0049597174
-0.62246495,-0.061748315
-0.6662826,0.014138859
-0.72393274,0.058394346
-0.769626,0.092809714
-0.8562256,0.14736474
-0.8279201,0.15512805
-0.78254604,0.061725512
-0.77602845,0.062263444
-0.77208984,0.061290387
-0.7695366,0.059415925
-0.7677314,0.056983653
-0.7663317,0.054182943
-0.765153,0.051115107
-0.76409686,0.047828034
-0.7631139,0.04433107
-0.7621883,0.04058658
-0.76134807,0.036419515
-0.7609088,0.030229773
-0.77521217,-0.016685441
-0.82195497,-0.06594604
-0.8861639,-0.08618141
-0.99848634,-0.055000428
-0.99848634,-0.055000428
-0.99848634,-0.055000428
-0.99848634,-0.055000428
-0.99848634,-0.055000424
-0.99848634,-0.055000428
-0.99848634,-0.055000428
-0.99848634,-0.055000424
-0.99848634,-0.055000428
-0.99848634,-0.055000424
-0.99848634,-0.055000428
-0.99848634,-0.055000428
-0.8109534,-0.0446704
-0.60821503,-0.0335028
-0.4561613,-0.025127098
-0.34212098,-0.018845323
-0.70301956,0.073844284
-0.7443584,-0.09272091
-0.73507464,-0.0005963817
-0.7532733,0.04740197
-0.77894014,0.073881105
-0.8017803,0.09022652
-0.8165913,0.099867195
-0.8255884,0.105764024
-0.8305379,0.10968153
-0.8326431,0.11272173
-0.8325934,0.11566962
-0.83059853,0.11926927
-0.82628006,0.12457566
-0.8181177,0.13376293
-0.8009899,0.15315479
-0.74670935,0.21659446
-0.6713041,0.033493444
-0.63769525,0.048831243
-0.43124658,-0.20923857
-0.42385328,-0.14233725
-0.4250666,-0.17211676
-0.43697092,-0.20584294
-0.4447812,-0.22142774
-0.44894144,-0.22962967
-0.45116657,-0.23395807
-0.45236227,-0.23624925
-0.45300823,-0.23746628
-0.45335925,-0.23811531
-0.45355153,-0.23846276
-0.45365766,-0.23864982
-0.45371687,-0.23875108
-0.45375022,-0.23880623
-0.45376942,-0.23883647
-0.4537806,-0.23885337
-0.45376053,-0.23890103
-0.45374918,-0.23892851
-0.5915508,-0.26521224
-0.54298645,-0.44386333
-0.4979375,-0.56606287
-0.45252696,-0.65758675
-0.38978422,-0.748737
-0.72533,0.08782115
-0.7968698,0.07776861
-0.6717495,0.16353188
-0.66548556,0.081116125
-0.65327114,0.08004227
-0.57590127,0.117095724
-0.4889498,0.15746251
-0.40736097,0.19007102
-0.43800393,0.16034712
-0.4489279,0.14961444
-0.44604245,0.14767258
-0.43625605,0.14922315
-0.424458,0.15168555
-0.4162148,0.15356663
-0.41109943,0.15491249
-0.40767926,0.15598449
-0.40513575,0.1569315
-0.40302017,0.1578381
-0.2982381,0.17145179
-0.20619158,0.19701315
-0.15247238,0.21182866
-0.12020129,0.22064084
-0.099975586,0.22608039
-0.086400144,0.22963862
-0.07600629,0.23222497
-0.06431606,0.23471023
-0.8815572,0.1458539
-0.9786949,-0.20531987
-0.9786949,-0.20531987
-0.9786949,-0.20531987
-0.9786949,-0.20531987
-0.9786949,-0.20531987
-0.9786949,-0.20531987
-0.9786949,-0.20531987
-0.9786949,-0.20531987
-0.9786949,-0.20531987
-0.9786949,-0.20531987
-0.9786949,-0.20531987
-0.9786949,-0.20531987
-0.9786949,-0.20531985
-0.9786949,-0.20531987
-0.9786949,-0.20531985
-0.9786949,-0.20531987
-0.9786949,-0.20531985
-0.9786949,-0.20531985
-0.79409426,-0.1665926
-0.5955707,-0.12494444
-0.44667804,-0.09370834
-0.33500853,-0.07028125
-0.3909521,-0.101739146
-0.521159,-0.016231567
-0.5747501,0.0050140396
-0.61281353,0.018880086
-0.6161469,0.017151797
-0.63258183,0.020951876
-0.60982096,0.011332346
-0.6559432,-0.080149606
-0.70429146,-0.06927947
-0.7547606,-0.057346463
-0.795874,-0.04577528
-0.82914734,-0.034438662
-0.8542562,-0.026488865
-0.87220025,-0.022043593
-0.883938,-0.019910494
-0.8906475,-0.018754397
-0.89402854,-0.018223183
-0.8940416,-0.018225113
-0.88329256,-0.018971927
-0.4545674,0.03379409
-0.5936871,0.06961879
-0.70210546,0.124656364
-0.9000032,0.13829818
-0.9954084,0.0957187
-0.9939024,0.110263556
-0.9927935,0.11983791
-0.99205,0.12584455
-0.9915879,0.1294354
-0.99131674,0.13149588
-0.99116355,0.13264555
-0.99107844,0.13327989
-0.9910325,0.13362134
-0.9910077,0.13380525
-0.99099374,0.13390805
-0.9909863,0.13396338
-0.990982,0.13399522
-0.99097973,0.13401222
-0.99097824,0.13402297
-0.99097764,0.13402724
-0.99037176,0.1384331
-0.98996955,0.14128084
-0.9897105,0.14308414
-0.98954594,0.14421754
-0.98944193,0.14493038
-0.9893722,0.1454049
-0.9893242,0.14573142
-0.9892865,0.14598714
-0.9892357,0.14633082
-0.9996768,0.025421329
-0.99893624,-0.04611243
-0.9968409,-0.07942443
-0.9951286,-0.098585546
-0.99384636,-0.11076764
-0.9929878,-0.11821635
-0.9484566,-0.31690702
-0.5910619,-0.725939
-0.18987617,-0.8395277
0.042784296,-0.6587711
0.14976928,-0.43018115
0.33571595,-0.2607603
0.6567277,-0.098534845
0.48945987,-0.0003703572
0.3640536,0.011757936
-0.4344722,0.03975199
-0.58935285,0.16248935
-0.6897231,0.23775385
-0.7327687,0.2778294
-0.8007938,0.2832679
-0.83433217,0.25575545
-0.8593119,0.22750437
-0.8827235,0.1997725
-0.9079391,0.17803092
-0.93363494,0.16179308
-0.95551336,0.15386297
-0.9703644,0.15323223
-0.97925234,0.15546165
-0.98441994,0.15771161
-0.98720783,0.15943891
-0.98673165,0.16235964
-0.98645085,0.16405718
-0.98628205,0.16506884
-0.98617727,0.16569398
-0.9861084,0.16610289
-0.9758809,0.21830325
-0.9746228,0.22385362
-0.9734747,0.22168611
-0.96624196,0.2223812
-0.95720315,0.22381423
-0.9474583,0.22500214
-0.9373642,0.22550018
-0.9270726,0.22541623
-0.91858995,0.22567908
-0.9117379,0.22625796
-0.86974293,0.23490553
-0.797841,0.250088
-0.59995556,0.25307375
-0.31275293,0.17992084
-0.14328207,0.096053734
-0.045518026,0.030486364
0.053867206,-0.027330995
-0.5902957,0.08927825
-0.7196712,0.15948161
-0.85360074,0.21043262
-0.9635283,0.22888088
-0.97572273,0.21900892
-0.98158365,0.19103307
-0.98720324,0.15946755
-0.9914546,0.13045216
-0.9943832,0.10583999
-0.9963464,0.085402586
-0.9980114,0.06303256
-0.99924505,0.03884638
-0.99993086,0.011761985
-0.9993243,-0.036756076
-0.7176189,-0.057121605
-0.7283972,-0.048037034
-0.7817927,-0.031228766
-0.9969596,0.07791999
-0.9988477,0.04799056
-0.99956393,0.029539943
-0.9998541,0.017154813
-0.99993944,0.01138401
-0.9387106,-0.031704113
-0.9044295,-0.053750183
-0.88464946,-0.06500918
-0.8735325,-0.07038412
-0.8682959,-0.07206541
-0.8677036,-0.070886254
-0.87207615,-0.06651783
-0.88467574,-0.056631148
-0.9209673,-0.030978769
-0.7153715,0.012659699
0.328063,-0.9446559
-0.17914848,-0.5040192
-0.32007492,-0.36264232
-0.33496273,-0.19470483
-0.46539342,-0.08266484
-0.5486205,-0.08878186
-0.70910645,-0.009803303
-0.8007739,0.04532201
-0.8545598,0.08188915
-0.88669056,0.10377682
-0.9056977,0.11691231
-0.9158638,0.124216735
-0.9214261,0.12795888
-0.9244851,0.12948905
-0.9260802,0.12957802
-0.9266527,0.12860516
-0.9259726,0.12654597
-0.9190452,0.121070385
-0.99879915,0.048992764
-0.99879915,0.048992764
-0.99879915,0.048992764
-0.99879915,0.048992764
-0.99879915,0.048992764
-0.99879915,0.048992764
-0.99879915,0.048992764
-0.99879915,0.048992764
-0.99879915,0.048992764
-0.99879915,0.048992764
-0.99879915,0.04899276
-0.99879915,0.048992764
-0.99879915,0.048992764
-0.99879915,0.04899276
-0.99879915,0.048992764
-0.99879915,0.04899276
-0.79183775,0.03884096
-0.5938783,0.029130721
-0.44540873,0.021848042
-0.33405653,0.01638603
-0.76054645,-0.049115866
-0.9975413,-0.07008172
-0.9960759,-0.088502675
-0.99641544,-0.0845946
-0.9963927,-0.08486209
-0.9990511,-0.043552276
-0.99967206,-0.025608853
-0.9997667,-0.021596907
-0.99973047,-0.02321724
-0.99968064,-0.025269886
-0.99964064,-0.026803695
-0.9996145,-0.027762607
-0.9995908,-0.028602391
-0.99956083,-0.029630523
-0.99951345,-0.031189226
-0.9994246,-0.033918068
-0.9992173,-0.03955801
-0.99845564,-0.055555865
-0.6920728,-0.08887987
-0.731415,-0.06904469
-0.705834,-0.08360406
-0.7384985,-0.12001237
-0.757881,-0.1376897
-0.78396654,-0.13592334
-0.80981266,-0.12235539
-0.82786065,-0.103054084
-0.8370019,-0.08081114
-0.8426076,-0.06465419
-0.8449291,-0.05314202
-0.8439164,-0.04490756
-0.83839697,-0.03896001
-0.8230356,-0.034261864
-0.7570121,-0.027202375
-0.49374473,0.04020308
-0.5450708,0.03533668
-0.5832066,0.10375978
-0.60840917,0.14331856
-0.6136269,0.13694486
-0.6466595,0.122143805
-0.70902765,0.09765848
-0.648414,0.04324173
-0.6408111,0.022756469
-0.6524619,0.038587105
-0.66760504,0.059950948
-0.6869161,0.07585112
-0.70964324,0.08399521
-0.73271865,0.08686748
-0.75366926,0.08712935
-0.77128804,0.08619356
-0.78522366,0.084964864
-0.79553056,0.08389679
-0.8027093,0.08315784
-0.8075517,0.08278001
-0.88095224,0.10517615
-0.5722733,0.06309572
-0.638232,0.12832469
-0.64130545,0.0661142
-0.70529926,0.009247258
-0.7506982,0.03661705
-0.81713825,0.0112471245
-0.8792579,-0.024359748
-0.92781055,-0.056723885
-0.95851815,-0.0763368
-0.97711366,-0.087157056
-0.98832375,-0.09296119
-0.994905,-0.09572509
-0.9956783,-0.0928705
-0.969401,-0.056743205
-0.98818934,-0.07808483
-0.6840955,-0.006801307
-0.66978216,-0.035523266
-0.6975472,-0.06659344
-0.9713143,0.19523051
-0.93288755,0.08516331
-0.94963926,0.060413342
-0.99593806,0.09004161
-0.9961994,0.08710138
-0.9973081,0.07332578
-0.99830115,0.058265176
-0.9990114,0.044454016
-0.9995019,0.031556185
-0.99984556,0.01757461
-0.99999774,-0.0021697544
-0.9990072,-0.044544756
-0.44991842,0.022191674
-0.55495113,0.096912585
-0.6289847,0.11910683
-0.63619703,0.093411356
-0.6379731,0.055921335
-0.6336966,0.008113913
-0.639009,-0.07312681
-0.6820073,-0.12376162
-0.7360501,-0.15914963
-0.78502715,-0.19567919
-0.8252426,-0.23688716
-0.85802513,-0.27245718
-0.8828377,-0.28622147
-0.9001091,-0.28977334
-0.9096566,-0.292036
-0.9124829,-0.29653645
-0.9115242,-0.30225566
-0.9085975,-0.30844104
-0.90488267,-0.31450215
-0.90130574,-0.31991315
-0.4296875,-0.90297776
-0.3179499,-0.94810754
-0.233477,-0.9723623
-0.17112601,-0.9852492
-0.15991277,-0.9871311
-0.15216346,-0.98835534
-0.14563087,-0.98933893
-0.13971213,-0.9901922
-0.13418365,-0.9909565
-0.12895203,-0.9916508
-0.12397378,-0.9922855
-0.11922544,-0.9928672
-0.11469202,-0.9934011
-0.110362105,-0.99389136
-0.23593146,-0.9717697
-0.5830554,-0.7626753
-0.65798336,-0.52636755
-0.6167081,-0.343234
-0.74517745,-0.16550227
-0.9787375,0.20511666
-0.92867804,0.32485244
-0.8684135,0.406618
-0.81701124,0.4708009
-0.773344,0.52141094
-0.73604846,0.56199694
-0.70368415,0.5958509
-0.6746905,0.62671036
-0.646761,0.66142064
-0.6098285,0.72890407
-0.44559082,0.89523673
-0.32509825,0.9456802
-0.243117,0.969997
-0.22027992,0.9754367
-0.22027992,0.9754367
-0.22027992,0.9754367
-0.22027993,0.9754367
-0.22027992,0.9754367
-0.22027992,0.9754367
-0.22027993,0.9754367
-0.22027992,0.9754367
-0.21709366,0.9613274
-0.16282025,0.72099555
-0.12211518,0.5407466
-0.09158638,0.40556
-0.06868979,0.30416998
-0.76398754,-0.14196183
-0.99952215,-0.030911967
-0.9973977,-0.07209554
-0.9982057,-0.059877194
-0.9861,-0.16615266
-0.9710207,-0.23899508
-0.95796317,-0.28689128
-0.9482866,-0.31741536
-0.9416992,-0.33645585
-0.9374221,-0.34819502
-0.93470895,-0.35541412
-0.93299824,-0.35988098
-0.931911,-0.36268705
-0.93120444,-0.36449736
-0.9307258,-0.36571762
-0.9303768,-0.36660472
-0.93008,-0.36735708
-0.9296797,-0.36836883
-0.99739003,-0.072202116
-0.98793805,0.15484948
-0.9379992,0.3466375
-0.9379992,0.3466375
-0.9379992,0.3466375
-0.9379992,0.3466375
-0.9379992,0.3466375
-0.9379992,0.3466375
-0.9379992,0.3466375
-0.9379992,0.3466375
-0.9379992,0.3466375
-0.9379992,0.3466375
-0.9203476,0.34011433
-0.69026065,0.25508574
-0.5176955,0.19131431
-0.38827163,0.14348572
-0.2912037,0.1076143
-0.6295296,-0.0017189682
-0.6911253,0.044753104
-0.7162229,0.09436628
-0.692747,0.13665807
-0.6713103,0.17301252
-0.64949524,0.2038461
-0.6822111,0.20370838
-0.71422094,0.20586732
-0.74180156,0.21261026
-0.7634362,0.22191224
-0.776482,0.2323095
-0.7846657,0.24189489
-0.78941756,0.25007612
-0.79146254,0.25686586
-0.7914479,0.2624796
-0.7906096,0.2669375
-0.78949684,0.27044922
-0.7932059,0.27219164
-0.7958947,0.27287266
-0.878528,0.15037651
-0.96394527,0.024108559
-0.993009,-0.1180386
-0.96861374,-0.2485707
-0.96861374,-0.2485707
-0.96861374,-0.2485707
-0.96861374,-0.2485707
-0.96861374,-0.2485707
-0.96861374,-0.2485707
-0.96861374,-0.2485707
-0.96861374,-0.2485707
-0.96861374,-0.2485707
-0.96861374,-0.2485707
-0.96861374,-0.2485707
-0.96861374,-0.2485707
-0.8715925,-0.2236726
-0.6536944,-0.16775446
-0.4902708,-0.12581584
-0.36770308,-0.09436188
-0.7373883,0.031130284
-0.7344773,0.028450638
-0.69897336,0.042595632
-0.66884655,0.06446357
-0.6539749,0.07537781
0.42960846,0.85706913
0.039945923,0.7217807
-0.19016695,0.6599707
-0.35507786,0.66572964
-0.7993271,0.60089624
-0.91879404,0.39473724
-0.95514154,0.29615
-0.96973044,0.24417818
-0.976475,0.21563074
-0.97990125,0.19948307
-0.9817675,0.1900856
-0.9828461,0.18442763
-0.98350924,0.18085776
-0.9839522,0.17843223
-0.98429424,0.17653584
-0.98468256,0.17435676
-0.9759824,-0.21784937
-0.93668294,-0.35017863
-0.93668294,-0.35017863
-0.93668294,-0.35017863
-0.93668294,-0.35017863
-0.93668294,-0.35017866
-0.93668294,-0.35017863
-0.93668294,-0.35017866
-0.93668294,-0.35017866
-0.93668294,-0.35017863
-0.93668294,-0.35017866
-0.93668294,-0.35017863
-0.93668294,-0.35017866
-0.93668294,-0.35017866
-0.93668294,-0.35017863
-0.7101711,-0.26549727
-0.53262836,-0.19912295
-0.39947125,-0.14934221
-0.29960343,-0.11200666
-0.42892104,-0.18358493
-0.56200767,-0.018292442
-0.6408673,0.020420581
-0.68820906,0.02184896
-0.6992802,-0.029379103
-0.6683446,0.061478253
-0.6587604,0.083294
-0.6550947,0.076492764
-0.656383,0.072019614
-0.6584806,0.069249585
-0.6601774,0.067602694
-0.6613215,0.06664593
-0.6621748,0.06606089
-0.6628828,0.06567525
-0.6635299,0.065394476
-0.66416967,0.065165125
-0.6648447,0.06495444
-0.6656055,0.06473768
-0.6665551,0.064482085
-0.6681211,0.06407545
-0.6545435,-0.08793336
-0.7272309,-0.058380462
-0.9999995,0.0009856671
-0.99997294,-0.007352261
-0.82043797,0.017303482
-0.77278215,0.008987416
-0.79478884,0.006345976
-0.8107167,0.019872785
-0.8179511,0.033197813
-0.8219093,0.03976605
-0.82431686,0.042491473
-0.8262474,0.042846054
-0.8285497,0.041460328
-0.8322266,0.038361005
-0.8390634,0.03288106
-0.8534989,0.02289407
-0.8922749,0.0009253025
-0.08777046,-0.14873981
-0.73710203,0.043573976
-0.7504954,0.041547403
-0.9484523,0.1113032
-0.961685,0.078689836
-0.98491997,0.07547333
-0.9976044,0.06917687
-0.99874645,0.05005394
-0.99939764,0.034703866
-0.99971414,0.02390714
-0.9998535,0.017118514
-0.999897,0.01434961
-0.9999039,0.0138652325
-0.9998933,0.014600515
-0.9998672,0.016303957
-0.99981046,0.019470692
-0.9945265,0.10448425
-0.41234657,-0.04106149
-0.55209154,-0.10560702
-0.6215129,-0.14524505
-0.6366544,-0.13576381
-0.63779783,-0.13076898
-0.6400162,-0.13164675
-0.65938437,-0.17862621
-0.60153407,-0.16329178
-0.55792534,-0.14578608
-0.52965754,-0.13058917
-0.51986504,-0.11444851
-0.5225535,-0.09858629
-0.5308281,-0.08441061
-0.54064596,-0.07207542
-0.55017805,-0.061884183
-0.5588372,-0.053860724
-0.5660888,-0.047673658
-0.5720821,-0.04283721
-0.5773211,-0.03879146
-0.5832147,-0.034441162
-0.63236755,0.011047438
-0.8806349,0.25222188
-0.99609613,0.08827536
-0.7072921,-0.04038298
-0.65686035,-0.02571446
-0.6800424,-0.022047937
-0.68321824,-0.007102224
-0.68813026,0.006357804
-0.702361,-0.00085377414
-0.60846514,-0.050542153
-0.6413152,-0.076291434
-0.7202569,-0.07903633
-0.78583205,-0.07838533
-0.8368111,-0.075723864
-0.87071943,-0.073185265
-0.88784397,-0.071434855
-0.8878362,-0.071340844
-0.8678858,-0.073602796
-0.8153181,-0.07960707
0.9837942,-0.1793037
0.773818,-0.07974216
0.63870996,-0.12074654
0.5439816,-0.12915584
0.4448702,-0.12163916
0.30071065,-0.063424796
0.21780816,-0.031062553
0.1689015,-0.012895706
0.13885677,-0.0026320564
0.11887756,0.0030689212
0.10155075,0.00540223
-0.23464528,-0.079681106
-0.9131408,-0.25376722
-0.9967296,0.08080872
-0.9967296,0.08080872
-0.9967296,0.08080872
-0.9967296,0.08080872
-0.9967296,0.08080872
-0.9967296,0.08080872
-0.9967296,0.08080872
-0.9967296,0.08080872
-0.9967296,0.08080872
-0.9967296,0.08080872
-0.9967296,0.08080872
-0.9967296,0.08080872
-0.9967296,0.08080872
-0.9967296,0.08080872
-0.9967296,0.08080872
-0.9967296,0.08080872
-0.9967296,0.08080872
-0.9967296,0.08080872
-0.9967296,0.08080873
-0.9967296,0.08080872
-0.8273282,0.067074694
-0.62049615,0.050306022
-0.46537212,0.037729517
-0.34902906,0.028297137
-0.6365191,0.047252685
-0.6763046,0.12979467
-0.6583021,0.08353642
-0.701205,0.06293987
-0.73931676,0.00015726779
-0.7739197,-0.04605521
-0.80482125,-0.04608091
-0.83719796,-0.02328549
-0.87108314,-0.011037972
-0.9023371,-0.0035504922
-0.92840165,0.00019164383
-0.94821066,9.967387e-05
-0.95977676,-0.0044912845
-0.95874596,-0.01772523
-0.9163347,-0.06628084
-0.15449755,-0.04360325
-0.41376194,0.03223259
-0.5506415,0.02125957
-0.62312627,0.013641195
-0.65461826,-0.022959907
-0.6912267,-0.041817784
-0.7263208,-0.05652094
-0.75778943,-0.06817505
-0.78623146,-0.07787286
-0.8113481,-0.08601383
-0.8323192,-0.0926168
-0.8485227,-0.09763866
-0.8603103,-0.10125984
-0.8684451,-0.10374782
-0.87373286,-0.10536442
-0.87687224,-0.106329665
-0.8784221,-0.10681791
-0.87886226,-0.10698197
-0.8410197,0.008063391
-0.929703,0.027921714
-0.9978928,0.064883836
-0.9978928,0.064883836
-0.9978928,0.064883836
-0.9978928,0.064883836
-0.9978928,0.064883836
-0.9978928,0.064883836
-0.9978928,0.064883836
-0.9978928,0.064883836
-0.9978928,0.064883836
-0.9978928,0.064883836
-0.9978928,0.064883836
-0.9978928,0.064883836
-0.9978928,0.064883836
-0.9978928,0.064883836
-0.79293233,0.051557135
-0.59469926,0.03866785
-0.44602445,0.02900089
-0.33451834,0.021750666
-0.7065625,0.007895023
-0.5226939,-0.4834233
-0.613237,-0.35258344
-0.6121199,-0.18360664
-0.5734958,-0.08362948
-0.6074907,-0.0052520484
-0.658207,0.03434106
-0.6852357,0.056012526
-0.69971937,0.06796913
-0.70752984,0.07462992
-0.7117734,0.07838486
-0.71410024,0.08053336
-0.71539116,0.08178634
-0.7161181,0.08253594
-0.71653616,0.083000496
-0.71678424,0.08330398
-0.7169397,0.083520316
-0.717049,0.083703674
-0.7171669,0.08397222
-0.7225739,0.11942673
-0.7618852,0.106200255
-0.89914834,0.05888457
-0.99995595,-0.009387436
-0.99995595,-0.009387436
-0.99995595,-0.009387436
-0.99995595,-0.009387436
-0.99995595,-0.009387436
-0.99995595,-0.009387436
-0.99995595,-0.009387436
-0.99995595,-0.009387436
-0.99995595,-0.009387436
-0.99995595,-0.009387437
-0.99995595,-0.009387436
-0.99995595,-0.009387437
-0.99995595,-0.009387437
-0.94720364,-0.0088922065
-0.7104027,-0.0066691544
-0.53280205,-0.005001866
-0.39960152,-0.0037513995
-0.44711366,0.11357006
-0.49839693,-0.095635936
-0.54891735,-0.06632298
-0.5909253,-0.07614572
-0.63908815,0.063215196
-0.6515404,0.060029324
-0.6580285,0.057418186
-0.6970437,0.051667877
-0.7193385,0.04740427
-0.73329586,0.044016596
-0.74205524,0.041216396
-0.7472869,0.0388168
-0.7501363,0.036671016
-0.7513507,0.03467292
-0.75156844,0.032733515
-0.7511919,0.030794892
-0.7533231,0.028715016
-0.7817554,0.025934119
-0.8234418,0.022129966
-0.8820563,0.01441212
-0.9871736,-0.020759245
-0.9995985,-0.028333468
-0.9995985,-0.028333468
-0.9995985,-0.028333468
-0.9995985,-0.028333468
-0.9995985,-0.028333468
-0.9995985,-0.028333468
-0.9995985,-0.028333468
-0.9995985,-0.028333467
-0.9995985,-0.028333467
-0.9995985,-0.028333468
-0.9995985,-0.028333467
-0.9995985,-0.028333467
-0.9995985,-0.028333467
-0.9995985,-0.028333467
-0.7751482,-0.021971459
-0.5813612,-0.016478594
-0.43602088,-0.012358945
-0.32701567,-0.009269209
-0.6815546,0.033640534
-0.64289033,0.04850021
-0.2988645,-0.2776584
-0.3725493,-0.32788056
-0.55216026,-0.47168505
-0.73084414,-0.3370266
-0.7897288,-0.24901912
-0.8231493,-0.19454528
-0.84287745,-0.15890852
-0.8544864,-0.13469267
-0.86087847,-0.117833816
-0.8639123,-0.10562706
-0.86478305,-0.096282594
-0.8642488,-0.088637814
-0.8627913,-0.08193863
-0.86072737,-0.07568365
-0.8582968,-0.06950828
-0.8557712,-0.06306528
-0.854176,-0.055300552
-0.98713005,0.15691373
-0.98746157,0.15785949
-0.98746157,0.15785949
-0.98746157,0.15785949
-0.98746157,0.15785949
-0.98746157,0.15785949
-0.98746157,0.15785949
-0.98746157,0.15785949
-0.98746157,0.15785949
-0.98746157,0.15785949
-0.98746157,0.1578595
-0.98746157,0.15785949
-0.98746157,0.15785949
-0.98746157,0.1578595
-0.9602948,0.1535165
-0.7202211,0.115137376
-0.54016584,0.086353034
-0.40512437,0.064764775
-0.30384326,0.048573583
-0.70755774,0.032984823
-0.6857304,0.16242579
-0.7307504,0.20225362
-0.65281206,0.104352504
-0.6303325,0.11266907
-0.6133128,0.08693538
-0.6076318,0.06762848
-0.64832604,0.054695718
-0.7049993,0.05054608
-0.64709806,-0.034879915
-0.62155175,-0.06329194
-0.61004794,-0.068873264
-0.60369784,-0.06548038
-0.622414,-0.09956516
-0.6486152,-0.14416535
-0.66422963,-0.16925512
-0.67392147,-0.18355104
-0.6777621,-0.18711756
-0.6763369,-0.17963886
-0.77823097,-0.10267925
-0.86444575,-0.038809344
-0.96440506,0.021511868
-0.99966186,0.026002599
-0.99966186,0.026002599
-0.99966186,0.026002599
-0.99966186,0.026002599
-0.99966186,0.026002599
-0.99966186,0.026002599
-0.99966186,0.026002599
-0.99966186,0.026002599
-0.99966186,0.026002599
-0.99966186,0.026002599
-0.99966186,0.026002599
-0.99966186,0.026002599
-0.99966186,0.026002599
-0.99254656,0.025817519
-0.7444099,0.019363139
-0.5583074,0.014522355
-0.41873056,0.010891766
-0.31404793,0.008168825
-0.5969087,-0.00391154
-0.62342316,0.0930783
-0.6739515,0.13207036
-0.6832363,0.18594794
-0.659762,0.15151592
-0.6605534,0.17495596
-0.66613996,0.22155383
-0.6797033,0.24499148
-0.69179034,0.25592923
-0.7008214,0.2609411
-0.70693314,0.2630654
-0.71194744,0.26277006
-0.7167761,0.2606565
-0.7217263,0.2572471
-0.7269771,0.2527317
-0.7328131,0.24691996
-0.7399661,0.23878199
-0.76786804,0.1918072
0.124240875,0.99225247
0.1837456,0.9829738
0.42806205,0.08912641
-0.34865922,-0.33848545
-0.7588672,-0.38034832
-0.9530363,-0.2640325
-0.96734416,-0.25346655
-0.96734416,-0.25346655
-0.96734416,-0.25346655
-0.96734416,-0.25346655
-0.96734416,-0.25346655
-0.96734416,-0.25346655
-0.96734416,-0.25346655
-0.96734416,-0.25346655
-0.96734416,-0.25346658
-0.96734416,-0.25346658
-0.96734416,-0.25346655
-0.96734416,-0.25346658
-0.96734416,-0.25346655
-0.96734416,-0.25346658
-0.96734416,-0.25346658
-0.9260065,-0.24263513
-0.69450486,-0.18197635
-0.5208787,-0.13648227
-0.39065897,-0.102361694
-0.29299423,-0.076771274
-0.60973775,-0.20074756
-0.8173209,-0.21645892
-0.8948664,-0.18313438
-0.90361667,-0.1607876
-0.9021482,-0.1571553
-0.82729614,-0.12328647
-0.80081236,-0.11064558
-0.8224728,-0.16977155
-0.8682453,-0.19794233
-0.9018146,-0.19018167
-0.91903603,-0.18803471
-0.92768276,-0.18853848
-0.9318809,-0.19010244
-0.933834,-0.19184986
-0.9347459,-0.19323096
-0.935229,-0.1940393
-0.9354861,-0.19451804
-0.9356235,-0.19480595
-0.9356975,-0.1949823
-0.9357376,-0.19509302
-0.9357596,-0.1951645
-0.9357718,-0.19521272
-0.9357788,-0.19524735
-0.93578297,-0.19527537
-0.9357859,-0.19530447
-0.9357922,-0.19542827
-0.8755652,0.4831
-0.8755652,0.4831
-0.8755652,0.4831
-0.8755652,0.4831
-0.8755652,0.4831
-0.8755652,0.4831
-0.8646633,0.4770848
-0.64849746,0.3578136
-0.48637313,0.2683602
-0.36477983,0.20127013
-0.2735849,0.1509526
-0.5908276,0.008589387
-0.63451034,-0.13591547
-0.6774189,-0.14859861
-0.6194377,-0.11057712
-0.5911234,-0.043003626
-0.5810267,-0.044196133
-0.57122135,0.0034310669
-0.57242846,0.0013231413
-0.5746826,-0.002992888
-0.57686204,-0.006133018
-0.5785156,-0.007640352
-0.5796423,-0.007948902
-0.580408,-0.007785386
-0.5809369,-0.0074591013
-0.58131874,-0.007085574
-0.58162403,-0.0066785524
-0.58195055,-0.006116649
-0.5901168,0.011415031
-0.66748905,0.17824736
-0.66454256,0.17186055
-0.6616066,0.16526085
-0.6760115,0.15642029
-0.81000686,0.1281696
-0.99987507,-0.015805883
-0.99987507,-0.015805883
-0.99987507,-0.015805883
-0.99987507,-0.015805883
-0.99987507,-0.015805883
-0.99987507,-0.015805883
-0.99987507,-0.015805883
-0.99987507,-0.015805883
-0.99987507,-0.015805883
-0.99987507,-0.015805883
-0.99987507,-0.015805883
-0.99987507,-0.015805883
-0.99987507,-0.015805883
-0.99987507,-0.015805883
-0.96951014,-0.01532588
-0.7271326,-0.011494409
-0.5453495,-0.008620807
-0.40901208,-0.0064656055
-0.30675906,-0.0048492043
-0.678338,-0.07941881
-0.5499774,0.39006972
-0.583022,0.24490991
-0.6214553,0.22257301
-0.6911076,0.17736754
-0.75830317,0.10400138
-0.80227697,0.07378419
-0.8324031,0.052904457
-0.85241735,0.039005697
-0.8655275,0.029966593
-0.8741324,0.024138927
-0.87983036,0.020318031
0.37282372,0.9279461
0.25891316,0.65752804
0.16313767,0.3688786
-0.19462255,-0.30191842
-0.559945,-0.4520212
-0.6544468,-0.37945125
-0.715269,-0.3277803
-0.7539466,-0.29138994
-0.8627729,-0.20114106
-0.95031446,-0.11683925
-0.99808896,-0.061793607
-0.99808896,-0.061793607
-0.99808896,-0.061793607
-0.99808896,-0.061793607
-0.99808896,-0.061793607
-0.99808896,-0.061793607
-0.99808896,-0.061793607
-0.99808896,-0.061793607
-0.99808896,-0.061793607
-0.99808896,-0.06179361
-0.99808896,-0.061793607
-0.99808896,-0.06179361
-0.99808896,-0.06179361
-0.99808896,-0.061793607
-0.99808896,-0.06179361
-0.99808896,-0.061793607
-0.7863357,-0.048683558
-0.5897518,-0.03651267
-0.44231382,-0.027384501
-0.33173537,-0.020538375
-0.67807853,-0.14823982
-0.71133155,-0.19022824
-0.74741536,-0.23735665
-0.735088,-0.24065544
-0.7201127,-0.24572597
-0.7098812,-0.24571592
-0.74785715,-0.28771272
-0.8054693,-0.29966167
-0.8501427,-0.29398623
-0.90505326,-0.2615368
-0.96110636,-0.23845066
-0.96246475,-0.27140665
-0.9523683,-0.30495012
-0.94565463,-0.3251728
-0.9417719,-0.33625215
-0.9395957,-0.3422861
-0.9383927,-0.34557074
-0.93773013,-0.34736463
-0.93736446,-0.34835026
-0.9371614,-0.34889627
-0.94082975,-0.33887962
-0.94834936,-0.3081274
-0.90891975,-0.27273554
-0.8502825,-0.23385637
-0.8217923,-0.19815183
-0.8051678,-0.17737263
-0.79521275,-0.16498047
-0.7890301,-0.1573283
-0.78496224,-0.15234606
-0.8355697,-0.02827181
-0.869908,0.036643356
-0.7117388,0.23730738
-0.25525495,0.4796551
-0.69403875,-0.05425541
-0.5932808,-0.08571876
-0.60097426,-0.06586278
-0.6266333,-0.018380815
-0.77129227,0.25297356
-0.89774376,0.4405185
-0.91416454,0.4053436
-0.9371395,0.3489461
-0.89412236,0.19022703
-0.8642055,0.080893755
-0.7990489,-0.0710215
-0.76342976,-0.15605003
-0.7449518,-0.20117351
-0.73767453,-0.22021577
-0.7402239,-0.21780756
-0.75816363,-0.186278
-0.8423053,-0.04711789
-0.7031558,0.0085519105
-0.9998348,-0.018174406
-0.9996319,-0.027132696
-0.9987622,-0.04974058
-0.9974988,-0.07068428
-0.9967657,-0.080362625
-0.9969672,-0.077824116
-0.9972757,-0.0737631
-0.99759924,-0.06925134
-0.99785984,-0.065389015
-0.99806356,-0.062202465
-0.9982512,-0.059114482
-0.99846715,-0.055347644
-0.99878126,-0.049357064
-0.9993435,-0.03623036
-0.9997053,0.024272658
-0.74031603,0.023079023
-0.9992105,0.03973125
-0.99907595,0.042979434
-0.99919367,0.04014822
-0.9938842,0.11042723
-0.98908186,0.1473664
-0.9839511,0.17843817
-0.9786569,0.20550126
-0.9769938,0.21326773
-0.9766535,0.2148204
-0.97694,0.21351376
-0.97737014,0.21153669
-0.978036,0.20843619
-0.979196,0.20291673
-0.98172647,0.19029726
-0.9895245,0.14436588
-0.7577867,0.00043553114
-0.81526715,-0.010914682
-0.7805637,-0.0037922561
-0.7537588,0.0074799187
-0.76254463,0.022598028
-0.7984283,0.03464262
-0.8196306,0.04237125
-0.83202076,0.046673905
-0.83911675,0.048378304
-0.84301347,0.048106804
-0.8449922,0.046344563
-0.8458586,0.04342471
-0.8465467,0.040282868
-0.84865695,0.03888952
-0.84941816,0.0325194
-0.8476701,0.017061222
0.999434,0.033643715
0.80200607,0.17118491
0.6877238,0.21415086
0.59104437,0.17420474
0.5609892,0.17881212
0.5531995,0.1859806
0.5495964,0.19021696
0.5509921,0.19437377
0.55754054,0.19981691
0.57099307,0.20818885
0.57826453,0.21273158
0.5822204,0.21521498
0.58438855,0.21658482
0.5855874,0.21734875
0.58625704,0.21778072
0.58663535,0.21802947
0.5868514,0.21817641
0.58697474,0.21826679
0.58703595,0.21832807
0.5589842,0.22605002
0.5368258,0.23215148
0.46923214,0.19327219
0.3634476,0.13086914
0.2738591,0.07788193
0.20735675,0.04314562
0.14197907,0.020499729
0.07981334,0.0053857416
0.00664293,-0.0080073215
-0.68301284,-0.12575576
-0.9886251,-0.15040086
-0.9886251,-0.15040086
-0.9886251,-0.15040086
-0.9886251,-0.15040086
-0.9886251,-0.15040086
-0.9886251,-0.15040086
-0.9886251,-0.15040086
-0.9886251,-0.15040086
-0.9886251,-0.15040086
-0.9886251,-0.15040086
-0.9886251,-0.15040086
-0.9886251,-0.15040086
-0.9886251,-0.15040086
-0.9886251,-0.15040085
-0.9886251,-0.15040086
-0.9886251,-0.15040086
-0.9886251,-0.15040085
-0.9886251,-0.15040086
-0.9886251,-0.15040085
-0.9886251,-0.15040086
-0.9886251,-0.15040086
-0.9886251,-0.15040085
-0.9886251,-0.15040086
-0.9886251,-0.15040086
-0.9886251,-0.15040085
-0.9886251,-0.15040086
-0.9886251,-0.15040085
-0.9886251,-0.15040086
-0.9886251,-0.15040086
-0.9718652,-0.14785115
-0.7288989,-0.11088836
-0.5466742,-0.08316627
-0.41000563,-0.0623747
-0.30750424,-0.046781026
-0.6444218,0.028916836
-0.6960076,0.08337733
-0.8343379,0.18009299
-0.807745,0.14239061
-0.77501124,0.06843919
-0.7956861,0.04985795
-0.8058297,0.041265126
-0.8104352,0.037698988
-0.81242216,0.035478108
-0.81065494,0.03332302
-0.807821,0.03152111
-0.80489546,0.030073244
-0.8021456,0.02889466
-0.7995675,0.02789031
-0.7970662,0.026977697
-0.79452145,0.026088608
-0.79279643,0.02548252
-0.7916139,0.025055354
-0.7472708,0.06892563
-0.7701587,-0.071894504
-0.5637777,-0.105552815
-0.70811003,0.08888169
-0.6770417,0.11511103
-0.9013753,0.15068789
-0.9229071,0.11191819
-0.9546034,0.10677207
-0.9725373,0.10538603
-0.98219675,0.104810074
-0.98739964,0.10471165
-0.9901851,0.10490895
-0.9905775,0.102502145
-0.99007714,0.099266626
-0.9889666,0.096003406
-0.9875399,0.09314381
-0.9858868,0.090811074
-0.9835721,0.088507116
-0.9786658,0.08403814
-0.9832155,0.1553838
-0.95253694,0.30442294
-0.95607924,0.29310825
-0.935672,0.35287094
-0.91667116,0.39964226
-0.88712704,0.46152535
-0.89975095,0.43640375
-0.9295461,0.36870596
-0.9400738,0.34097123
-0.94476074,0.32776082
-0.9472622,0.32045949
-0.94883317,0.31577784
-0.9497627,0.31297088
-0.95026904,0.3114301
-0.9505138,0.3106823
-0.95060754,0.31039545
-0.950619,0.31036037
-0.950588,0.31045523
-0.9991947,-0.040124416
-0.6307862,-0.7759567
-0.121416286,-0.9926017
0.2816026,-0.9595311
0.2816026,-0.9595311
0.2816026,-0.9595311
0.21303011,-0.72587764
0.15977257,-0.54440826
0.11982944,-0.40830618
0.08987208,-0.30622965
-0.7153364,0.07874623
-0.8001012,0.064347394
-0.7323989,0.08827968
-0.7013566,0.058300246
-0.73441285,0.029053986
-0.78516066,0.003686624
-0.82347554,-0.011603751
-0.8432847,-0.023391519
-0.87166214,-0.03290987
-0.8854265,-0.038552523
-0.8902893,-0.04124832
-0.8526554,-0.023897648
-0.84369135,-0.020943642
-0.86030114,-0.03064282
-0.8801749,-0.033592433
-0.9235122,-0.028781753
-0.524282,0.07574144
-0.59901375,0.03508264
-0.6223244,0.08253518
-0.64927554,0.12932085
-0.6566637,0.122518316
-0.6762023,0.11178729
-0.6974724,0.10054043
-0.73564106,0.09424989
-0.7620639,0.091680855
-0.7863939,0.09176767
-0.8074876,0.09297167
-0.8265749,0.09474913
-0.8408876,0.09628162
-0.85066557,0.09739081
-0.8570934,0.09813939
-0.86114967,0.09861071
-0.8635508,0.09887579
0.012406279,0.68099034
-0.079190925,-0.28487742
-0.3318431,-0.47129795
0.19953549,-0.9228668
-0.60894454,-0.04508217
0.032708712,0.44117323
-0.9227881,-0.86066145
-0.9586128,-0.974993
-0.9995421,0.7693083
0.9965567,-0.92214715
0.9979482,0.98616713
-0.3775704,-0.57587403
-0.75228584,0.9511301
-0.4771286,-0.25049293
-0.40866476,0.9503849
-0.10004095,0.77660555
-0.22261642,0.59611124
0.16044237,0.25604266
-0.0011872032,0.7888137
-0.35804605,0.8074316
-0.64875126,-0.70719445
0.6642202,0.9016534
0.16380419,0.16183989
0.39026684,0.12147406
0.6884203,-0.38357064
0.9171225,-0.8257036
-0.645829,0.5100692
0.17125537,0.2546627
0.90795434,-0.32595322
-0.60045177,-0.21240957
0.6472608,0.3021166
0.19482331,0.15093257
0.09402115,-0.47885036
0.93177855,-0.85442436
-0.9475841,0.31572586
0.7122294,0.29032525
0.16956538,0.7692302
-0.7024325,-0.5915376
-0.6639382,0.9413901
0.9382383,0.95952153
-0.97010624,0.9736723
-0.23356746,0.29124305
0.6456506,0.51863
-0.8465843,0.45831248
-0.87359643,-0.0041015814
-0.7037134,0.41111603
-0.9549091,0.6992841
0.82990336,0.15243575
-0.33221683,0.3490358
-0.37918827,0.5249435
-0.833268,-0.25496012
0.12727952,0.56290245
0.45834985,0.5571574
-0.2537653,-0.42144728
-0.90533316,0.042395823
-0.9813777,0.19634046
0.3947271,0.92615753
-0.2689964,0.01531333
-0.4059163,-0.53771853
0.27553296,0.57616067
0.47022957,0.6178173
-0.8927024,-0.95163906
-0.9009764,0.13811061
-0.9207677,-0.2639943
-0.9093286,-0.9782572
-0.26445448,0.82980627
0.08759256,0.8937435
-0.9758285,0.27470487
-0.7673852,0.07973827
-0.332107,-0.4705768
-0.9547743,0.14175922
-0.41915515,0.58929825
-0.32329938,-0.8335937
-0.27124175,-0.5126526
-0.038164906,0.64135695
0.61883223,0.19249807
-0.7498667,0.22239996
-0.793329,0.92333895
-0.9099859,-0.056539495
-0.9855692,0.42942435
-0.5831526,0.85674465
-0.51509315,-0.755219
0.5626486,0.60457134
-0.8214441,0.34047338
-0.425917,-0.79455477
0.4263567,0.6995114
0.3165045,-0.013434093
-0.79642016,0.6477357
-0.96658546,-0.48453534
-0.6270583,0.4117655
-0.92323303,0.8534907
-0.9190141,0.9250349
-0.30640426,0.9324777
-0.89905393,-0.09468793
-0.31361926,-0.09464395
-0.45513618,-0.14122613
0.23748927,-0.11522442
-0.5796877,-0.8380915
-0.5884201,-0.32479003
0.26897603,-0.9503243
0.8881778,0.9844186
-0.109008074,0.29874912
0.07974737,-0.8530437
-0.71449876,-0.6813704
-0.79175776,0.31914505
-0.81201017,-0.13822214
-0.70933855,0.535004
-0.24599263,0.3882166
0.60583824,-0.9189982
-0.4779314,0.008907142
0.32237878,-0.82966095
0.51368403,-0.36462072
-0.11976217,0.4483983
0.7211585,-0.29226598
0.7633406,-0.061512835
0.22162203,-0.19485424
-0.21350184,-0.25039533
-0.0058505465,0.16147326
-0.82717925,0.89213187
-0.637696,0.59098566
0.7911316,-0.6291362
0.32672006,-0.5244605
-0.68976176,-0.98272187
-0.48954388,-0.7853794
-0.8682512,-0.2290994
-0.6124752,0.058006566
-0.16155995,-0.9587871
-0.39369425,-0.2020959
0.1494167,-0.07455583
-0.31823984,0.6759125
-0.6550006,0.81593174
-0.06240625,0.8359168
0.16603412,0.3323312
-0.879176,-0.5586879
-0.704561,-0.47018102
0.24276969,-0.7693221
-0.17588179,-0.02840732
-0.8021563,-0.4663107
0.10596459,-0.8716827
-0.29545525,-0.5273043
-0.6546601,0.73321635
-0.8986441,0.6157423
-0.8605488,0.99045694
-0.7278184,-0.45556647
0.70119274,-0.4769947
0.74775326,0.7606915
-0.36869204,0.8775523
-0.4119241,0.95919836
0.3287699,-0.96203715
0.21129435,0.81993353
0.026685935,0.84833026
-0.2573058,-0.46436688
-0.040176213,-0.038605336
0.03444864,-0.71510285
-0.87821066,0.8190313
0.94070476,-0.8178595
-0.97852296,-0.57015014
-0.043336086,0.68117595
0.9686102,0.9363689
-0.65155494,-0.50185764
-0.76239425,-0.76539665
-0.69501036,0.9623384
-0.9980369,0.360269
0.72753465,0.383805
0.8514109,-0.27398965
-0.39662987,-0.3524981
-0.71052563,-0.8335518
-0.8275652,-0.89067626
-0.8668197,0.9811651
0.8622467,-0.828826
-0.82184315,0.3190319
0.8320005,-0.82226276
0.6079237,-0.6172919
-0.80337954,-0.7983445
0.020633064,-0.8780566
-0.7121831,-0.53122956
0.13492571,0.3104765
-0.7685349,0.20497625
-0.69402325,0.9330653
-0.150957,-0.7416818
-0.109160475,-0.55554724
-0.78385985,0.40659398
0.29360747,0.3378097
-0.7138364,-0.6556362
-0.08083247,-0.39454404
0.7810945,0.064005286
0.58726346,-0.59522843
-0.1405186,0.8244784
0.63130075,0.10805012
-0.10942643,0.9081021
-0.6053649,-0.6324023
-0.4238048,0.81632936
-0.54185915,0.67564136
-0.61504793,-0.3980542
-0.4546646,0.7367728
0.57227856,-0.07494002
-0.7852503,0.34132862
-0.8295479,0.6378641
-0.4860195,0.6948295
0.6355287,-0.5630809
0.7298081,0.7679181
0.75108695,0.05365385
-0.7702827,0.53152835
0.9600823,0.6058078
0.6917343,0.63620675
0.39724764,0.13534133
-0.98896486,0.5746745
0.7772244,0.98819095
0.07177075,0.94345194
0.04805012,-0.3008485
0.06105905,0.14978564
-0.45372996,0.64027274
0.305233,0.9692941
-0.74419,-0.054956827
0.36331132,0.32605517
-0.4315142,0.046735518
-0.7505873,0.18363541
-0.9531308,-0.16616745
-0.48545614,-0.27416965
0.17005472,0.6955063
0.021527868,0.5788535
-0.9648324,-0.85014915
0.020668693,0.1548416
-0.9790647,0.064502046
-0.55212057,0.7575914
0.8769498,-0.18090965
0.07231065,0.046161927
-0.81553894,0.19296429
-0.5863675,-0.28482413
-0.89544654,0.92530394
-0.981537,0.07209915
0.10963964,0.21577264
-0.3228149,-0.82038915
-0.081483595,-0.29520416
-0.27858436,-0.36110884
-0.6027522,-0.056268338
0.09652134,0.8559966
-0.82613134,-0.65771633
-0.4708269,-0.90688795
-0.8387743,0.613034
0.7640111,-0.30554214
-0.791661,0.55926836
-0.8755802,-0.3812198
0.53453434,0.41072056
0.13235305,0.35675836
-0.8089389,-0.24128138
-0.28801012,-0.75044847
0.29815057,-0.31305024
-0.5546479,0.5911021
-0.47407928,0.7945423
-0.8374724,0.25829342
-0.6376995,-0.768127
0.2631901,0.3367444
0.7820909,-0.10815435
-0.88280755,-0.49104765
-0.82070106,-0.5072629
0.75561774,-0.48448426
-0.61291736,-0.71869206
0.19108872,0.0421307
0.32108283,-0.7905617
-0.88481075,-0.05317894
0.13755108,-0.13956532
-0.103451714,0.4973425
-0.7838975,0.12831134
-0.9263358,0.31861132
-0.9329759,0.6306077
0.18916914,-0.47319725
0.282595,-0.08550338
-0.5906987,-0.6608459
-0.77384084,-0.77175134
0.20925374,-0.7481499
0.25369018,0.78973377
-0.95288116,0.68490195
-0.7748071,0.97753024
-0.8067319,-0.7243333
0.22966897,-0.6419388
-0.4151767,-0.20719165
-0.2983337,-0.73578143
0.80019057,0.9232761
-0.589965,-0.49042988
-0.35583317,-0.35497984
-0.7822039,-0.78185564
-0.20313923,-0.7438838
0.9601124,-0.6735127
0.60512495,0.07798423
0.18353035,-0.018468723
-0.20335184,0.8921085
-0.5347297,0.8286557
-0.8080084,-0.63758993
0.44348893,-0.22517143
0.1619874,-0.7115891
-0.87186766,-0.9573701
0.51129436,0.4834696
-0.59984857,0.8678169
0.15447694,0.6139977
-0.44092464,-0.10185842
-0.050515562,0.77706784
0.958971,-0.9140481
0.4671393,0.23860878
-0.04966182,0.41355085
-0.9809654,-0.0019386312
0.8184199,-0.8968342
0.81727296,-0.22396843
-0.48166656,-0.90064114
-0.21231058,-0.37525034
0.7943294,-0.43000343
-0.22402002,-0.31149045
0.40335548,0.16048284
-0.94311935,-0.6046816
-0.43956998,0.0415332
0.7290933,0.3916505
-0.0004712492,0.45672417
0.7173861,-0.6715121
0.1757969,0.4203661
0.29393584,-0.74961907
-0.583465,0.58765227
0.93802315,0.5769197
-0.54157996,0.45417947
0.42754242,0.16514443
-0.17955968,-0.34284195
0.3126869,0.09430666
-0.8003928,0.30566102
-0.25493434,0.1615435
0.052271284,0.7119236
-0.41617137,0.6260539
-0.4417524,-0.10743121
-0.4647683,0.3582993
0.41880724,0.8601174
-0.61329985,0.432887
0.43569472,0.98423165
0.3458096,-0.39979756
0.008591515,-0.655691
0.1868283,0.3301909
0.9125887,0.69094884
-0.4814589,-0.04012408
0.78663117,-0.95800847
0.97957945,0.53801024
0.725152,0.4631866
-0.92261314,-0.42648914
-0.70026535,-0.50440496
0.04662766,0.53525764
0.052183244,0.7442293
0.43255693,-0.64650106
0.40943435,0.36454296
0.72037363,-0.61321944
-0.6966162,-0.90939695
-0.9830855,0.993276
0.49931294,-0.679214
-0.22709712,-0.18634607
0.6091839,0.75441915
-0.2287982,0.86300373
-0.76629364,0.64492404
-0.50917137,-0.8712209
-0.5356764,0.1226835
0.35444435,0.62882483
0.7788369,0.19017181
0.63797843,0.036763173
0.75781536,-0.91585267
0.6197039,0.1373553
-0.38201568,0.83123875
0.618217,0.0068679266
-0.549124,-0.00044161078
-0.0007693803,-0.1027044
0.94263506,-0.93311816
0.7234819,-0.0071292506
0.1335795,0.9865165
-0.7028231,-0.34721044
-0.20070441,0.58376014
0.49479598,-0.21870124
-0.7864932,0.30924252
-0.22464256,-0.05138475
-0.5244574,-0.08523115
-0.42406178,0.6421435
0.5564208,0.63861907
-0.17504679,-0.19320682
0.7166306,-0.37954617
0.052165616,-0.8449323
-0.33550057,0.5433359
0.8551324,0.26238456
-0.5044223,0.031881075
0.60253894,0.8264936
0.8681812,-0.4197622
0.76603395,-0.5132237
-0.16839425,0.45252085
0.12628455,0.9970296
0.5748509,0.4012008
0.917421,-0.95687896
-0.8890731,-0.99704194
-0.026380884,-0.8833448
0.91885215,0.30047813
0.8670443,-0.25614712
-0.05035424,0.002067183
-0.6644042,0.9763938
-0.50861394,0.67611575
0.19778988,-0.89546716
0.46586668,-0.78583276
0.85853755,0.81377584
-0.8838694,0.59430313
0.6414703,-0.69510174
-0.1327246,0.9077167
0.16384129,0.3221454
-0.8055887,-0.80091166
-0.15241566,-0.9493881
0.2709095,-0.28624132
0.8390216,0.10666728
-0.28378958,0.986617
0.977566,-0.14918175
-0.5066179,0.26123613
-0.4897725,0.6465517
-0.34010947,0.3405867
0.7620948,-0.64954925
0.5062853,-0.3355272
-0.53646034,-0.71026826
-0.92853093,0.6811148
-0.4194371,-0.36591125
0.5540782,-0.5806206
0.39379606,0.05190034
0.9530516,0.17058483
0.7447467,-0.42816684
-0.45772308,-0.5472034
-0.7545167,-0.9217759
0.87316453,0.4465295
-0.7146074,-0.52044713
-0.008170423,-0.79275787
-0.93651557,0.32888365
0.59738004,-0.84420407
-0.8476199,-0.52076715
-0.7817323,0.024510004
0.87965506,0.9022125
-0.75619936,0.9291075
-0.88746005,0.40543246
0.23950793,0.5807139
0.11731352,0.59373057
-0.19965601,0.77081853
0.17636317,0.92192405
0.91750497,0.7834527
-0.88651234,0.5264488
0.6988871,-0.14602341
0.2903445,0.88978183
-0.888341,0.7572957
0.6751745,0.6425099
0.7022669,0.742156
0.5545914,0.28031918
0.073796965,0.54205614
0.5951795,0.6161927
-0.13655478,-0.33088118
0.6735297,0.8138046
0.5267199,0.22215128
0.20511153,-0.77442724
0.37391043,0.74715817
-0.15014814,0.9414614
0.6632291,0.82180345
0.48453298,0.591411
0.8264339,-0.041549724
0.30564374,-0.91278404
0.24653704,-0.6033697
0.5627974,-0.20853305
0.5568987,0.44796252
0.6650438,0.67225826
0.61825716,0.864979
0.98104614,-0.7106262
0.9773506,-0.52763844
0.725581,-0.932947
0.630182,-0.8614318
0.46082222,-0.69683087
0.41352457,-0.95191
0.9758835,-0.9915154
-0.71716726,-0.72365034
0.9560744,0.48532146
0.35667807,-0.93684554
0.53809273,-0.35127553
0.010824019,-0.8726838
0.78534335,-0.934863
0.9703984,0.7848551
0.9468515,0.01640113
-0.77502996,-0.9573589
0.9891427,-0.48758817
0.4109733,-0.9303086
0.32101777,-0.46176895
-0.9276563,0.23918365
-0.21781565,-0.23197737
0.18830204,-0.7795154
-0.058807272,-0.9887478
0.5008502,-0.946968
0.85629433,-0.09961739
0.72895384,-0.96127456
-0.87409914,0.052475665
-0.036850985,-0.39999586
0.7047522,-0.9720525
0.635303,0.14905083
-0.015959337,-0.9480816
0.6795846,-0.4481231
0.4826513,0.4556786
0.8798783,0.24826027
0.9850128,-0.06573518
0.8088436,-0.97249764
0.99203366,-0.39353222
0.93060666,-0.8491318
0.9117279,-0.9139391
0.99641675,-0.97333044
0.94293535,-0.9079464
0.7599908,-0.9740038
0.9332158,0.550786
0.62300503,0.08993247
0.26930952,-0.07933438
0.54819965,-0.20991062
0.18324575,-0.60664916
0.9559054,-0.9876486
0.9270053,-0.9422122
0.98753804,0.47301453
-0.34026515,-0.8609191
0.9997418,0.19435799
0.9934662,-0.17607139
0.6427982,0.7551998
0.6291124,-0.9236856
-0.96081173,-0.9548164
0.8344962,-0.72675633
0.9778186,-0.8492274
0.7986869,-0.18880737
0.7087627,-0.8280443
0.658244,-0.47557184
0.9534516,-0.13123655
0.89804375,-0.14175314
0.8365556,-0.76307964
-0.032007664,-0.68261933
0.5374266,0.82107145
0.57950574,0.23386408
0.8513416,0.19841486
0.20934774,0.8137658
0.65486264,-0.20462619
0.13219087,0.377337
0.7864449,0.60193914
0.92498624,-0.71251243
-0.017254727,-0.72893274
0.38816372,0.9681853
-0.17748451,-0.9443799
0.95044404,0.5719134
-0.21938689,0.972492
0.332493,-0.3687631
-0.43670112,-0.2669271
0.7519548,-0.3219374
-0.8405466,0.57658386
0.49976316,0.42495626
0.6705257,0.7960241
0.91535646,0.27088502
0.93916845,-0.5468421
0.81458473,0.54214424
0.69436646,0.6386926
0.7906475,-0.36185795
0.9089692,-0.858831
0.8990449,-0.687766
0.66309106,-0.64097023
0.9548085,-0.7541492
0.070534095,0.36105883
0.9227719,0.5964582
0.8280511,0.45546117
0.4751302,0.7923812
0.3727026,-0.23938322
0.9100386,0.54100513
0.9148011,-0.7718471
0.95916146,-0.046620257
0.96715605,0.049368136
0.9953203,-0.9331185
0.9621443,-0.31779847
0.8620428,0.5044046
0.19158359,0.92585087
0.8785202,0.80863506
0.769912,0.663718
0.9979769,0.12332463
0.98501706,-0.045801513
0.3448661,0.31784567
0.96228963,0.63996184
0.99647677,-0.3774255
0.7711543,0.1682967
0.9544027,0.14436182
0.99822444,0.81298256
0.7639711,0.85954744
0.67371964,-0.07283796
0.9320091,-0.423524
0.92792654,-0.017945554
0.55252445,0.48295262
-0.1586823,0.61820865
0.94083285,0.093947716
0.9954097,-0.37883916
0.9579016,-0.3266331
0.66269517,-0.9124017
0.94163495,-0.28100616
0.7716296,-0.87572825
0.0047613024,-0.7675801
0.2983513,-0.72932434
0.41851383,0.27776852
0.98936135,-0.21169768
0.99828905,-0.69527054
0.9861096,0.1698317
-0.69022065,0.33545724
0.8421557,0.87153655
0.91020733,0.6261921
0.7149813,-0.91070056
0.9813456,-0.8106799
0.38309976,0.27945232
0.9705907,-0.9807845
0.9993136,0.11033959
0.21430348,-0.79981375
0.70298314,-0.92344433
0.9888724,-0.28664884
0.96751225,-0.021988245
-0.09512821,-0.95800453
0.49910453,0.4840775
0.8819009,0.08355363
0.2813063,-0.91681594
0.98516726,-0.6424266
0.63630486,-0.7775397
-0.22751151,-0.90316194
0.7144687,-0.86407346
0.9121637,0.77967566
0.9242186,-0.46012297
0.6028068,-0.93074685
0.90578485,0.505394
0.9628087,0.4907613
0.6133763,0.3406502
0.88268137,0.6427878
0.61064607,0.7990793
-0.7968715,0.6988097
0.65591156,0.923165
-0.44033113,-0.9891294
-0.4570988,0.61875945
-0.33048996,0.50081503
-0.7339308,0.026704285
0.9400918,0.75639755
0.1404669,-0.66604316
0.92389953,-0.13671568
0.95502335,-0.7118486
0.64228475,-0.75819826
-0.27307388,-0.8896765
0.8078375,-0.68341357
0.8607751,-0.008957162
0.33238092,-0.84341407
0.9463014,0.18704869
-0.15154618,0.018134752
0.7978159,0.9575261
0.58829796,0.710991
-0.33495247,0.3149658
-0.67301464,0.49646738
0.74409163,-0.15895607
0.6736663,-0.5341511
0.85294545,-0.63013434
-0.14563857,-0.45609838
-0.566033,0.53547245
-0.19341159,0.6664078
0.104793936,0.32715535
0.18774417,-0.027671447
-0.4344089,-0.3631284
-0.102482796,-0.4259206
0.8063389,-0.96013814
0.2440726,-0.95038825
-0.964266,0.7744528
-0.55892277,-0.705938
-0.2359518,-0.2373477
-0.9812074,-0.2862853
0.9872153,0.30043295
-0.24324898,-0.77811086
0.8863471,0.5806871
0.87097687,0.139981
0.6408426,-0.39003673
-0.98231095,-0.47063795
0.5018681,0.061360188
0.02270356,-0.24253707
0.770806,-0.7969088
0.8608344,-0.6386175
0.77074724,0.36469555
0.5091645,0.38948664
-0.15017143,-0.66922927
-0.82761425,-0.47076106
0.832502,-0.9345832
0.58698034,-0.8623837
0.63601077,-0.5642675
0.5688547,0.3373675
0.7500281,-0.73585284
0.3222882,0.63094306
0.87911,-0.13463837
0.36117607,-0.48064235
-0.26320174,-0.15264745
0.57523656,0.024643736
0.48549655,-0.97471213
0.9667909,-0.99745274
0.75178194,-0.24880777
-0.017912736,-0.94056684
0.7607225,-0.79219264
0.95139796,-0.64831364
0.92898047,0.49825856
0.88776755,-0.28259963
0.77740586,-0.76553893
0.3797117,-0.14392473
-0.1783946,-0.69982123
-0.71265864,-0.92524654
0.976147,-0.9298397
0.47007942,-0.32134283
0.8132155,-0.9244274
0.30558386,-0.64719844
0.9192023,-0.31927824
-0.46177304,0.051692743
0.9474812,-0.15736756
0.930146,-0.32701486
0.37392482,-0.28144035
-0.6377212,0.4990883
0.8306494,-0.6190131
0.50107694,-0.24333419
0.91461676,-0.9649098
0.58486354,-0.4839731
0.958919,-0.76627696
-0.67199606,-0.8855778
0.8603447,0.43099788
0.10898172,-0.08392656
0.85373425,-0.58362544
-0.6062239,0.57130694
-0.1141381,0.7579409
0.66904414,0.38188666
-0.015288861,-0.42204577
0.9902678,-0.049025957
0.3288433,0.14963694
0.65399504,0.44805014
0.99064547,0.48780927
0.76820254,0.7944623
0.77686614,-0.28958982
0.6576726,0.6137066
0.8253641,0.82939357
0.93648344,-0.43365082
0.7751434,0.81227696
0.69083536,0.96083784
0.8313134,0.56710964
0.95040286,-0.7635928
0.59663486,0.79421806
0.24302304,-0.13749653
0.7006352,0.9620196
-0.38146344,-0.9438637
0.8283993,-0.8118346
0.7513083,-0.67503095
0.59206676,-0.7690747
0.6904018,-0.8858452
0.9993131,0.044535663
0.96337885,0.95242447
0.6753344,0.20797765
0.80286664,0.35357633
-0.09359595,-0.6661271
0.661628,-0.35757074
0.61939025,0.14553957
0.84484726,-0.18714403
0.99610674,-0.2329822
0.04690469,0.48775727
0.6577952,-0.94370943
-0.7558328,0.58016205
0.9168661,-0.085125245
0.7551434,-0.6325468
0.66672987,-0.98358893
-0.38586605,-0.8046874
-0.24240808,-0.7280177
-0.948143,-0.7353726
0.8926109,-0.8561179
-0.2369433,-0.8803641
-0.11692061,0.25061476
0.42892006,0.121774934
0.96548665,-0.50152814
-0.9707677,-0.6304947
0.92673385,-0.8574293
0.18662143,-0.9524417
0.18402442,-0.34869117
0.9871164,-0.9842407
-0.08298021,-0.82688457
-0.19876763,-0.24020797
0.17349213,-0.9900515
0.002790712,-0.027356027
0.99843216,-0.40035778
-0.7438723,-0.8939922
0.74985516,0.20225394
0.686715,-0.5553534
0.41553453,-0.9279554
0.12774858,-0.936305
0.83448553,-0.6445786
-0.6188179,-0.24602696
-0.6259513,0.68393415
-0.06737462,0.04659863
0.4777322,0.043989446
-0.76857746,-0.06841314
-0.82442737,-0.89753115
-0.8759926,-0.8317063
0.4150341,-0.5155735
0.9804565,0.1424333
0.32672864,-0.73243904
0.46658644,0.41745752
0.833878,-0.93922323
-0.9300147,-0.71652156
0.79991436,0.90005857
0.15585028,-0.9521262
0.20892555,-0.55674076
-0.75279284,0.110583015
0.40685222,0.60182786
-0.45721883,-0.73266184
0.97325736,0.096847296
0.56101584,-0.060742922
-0.26418635,-0.9489825
-0.92607814,0.9413753
0.7947171,0.683545
-0.9682106,-0.5803572
-0.70379597,0.2104757
0.7439048,-0.5297548
0.9388875,0.11936567
0.1600661,0.306228
0.4258334,0.0967474
-0.016761431,-0.3643937
0.69790256,0.56595933
0.17758638,-0.01198522
0.6544355,-0.34436348
0.3042194,0.87849516
0.22838365,-0.56405807
0.5100388,0.75874686
0.22862752,-0.74254096
-0.7879234,0.9161382
0.9628215,-0.32914189
-0.18611501,-0.3034359
0.98749936,0.7011141
-0.15908511,0.75887203
-0.028686281,0.17405286
-0.434449,-0.08983149
0.25872222,0.33283353
-0.6650026,-0.43035364
0.95438266,0.7255655
0.48937014,-0.358444
0.45066503,0.7829998
-0.28445187,0.08894533
0.035922024,0.81737065
0.33318895,0.22733173
0.8864554,0.22686352
-0.5840351,-0.97933495
0.9656096,0.88153994
0.6592939,-0.83248204
0.9612857,-0.86083084
0.9689716,0.5089691
0.6128332,0.15497942
0.8301484,-0.41925046
0.7721013,-0.9087167
-0.5788584,-0.9229673
0.87363684,-0.66493535
0.9086324,-0.55480623
0.3485626,-0.9595742
0.81335014,0.23899162
0.85446525,-0.9702131
0.97570884,-0.8874015
0.42597705,-0.9305067
0.82473755,-0.15355074
0.74785864,-0.2870832
0.18803906,-0.9530167
0.65653044,-0.9753154
0.8897577,-0.9126866
0.984795,-0.76803863
0.87454283,-0.9386375
-0.5080589,-0.8180962
0.7830586,-0.43760905
0.83828986,-0.99462056
0.8951107,-0.8253425
0.6678202,-0.4145382
0.89465994,-0.9299906
0.96493995,-0.712428
0.06445437,-0.88333255
0.87404996,-0.8920784
0.34586477,0.54372656
0.91633785,0.81194544
0.040919807,-0.8405343
0.9569211,-0.6002585
0.99625725,-0.9718106
0.70835245,-0.7331757
0.0070533776,-0.9713487
0.5949826,-0.96833676
0.9599265,-0.7133877
0.79649353,-0.1213168
0.98381186,-0.9564568
0.7072591,-0.89532053
0.87116545,0.5799268
0.84602886,-0.44046187
0.5797607,-0.6241455
0.96126693,-0.15809658
0.7722748,0.18367042
0.6193335,-0.19072449
0.8298611,0.14544189
0.96822613,-0.22947286
0.99747664,0.8730575
0.60727924,-0.57150483
0.99358815,0.55286044
0.2507712,0.8638965
0.51191336,-0.18930309
0.9271092,-0.87598974
0.87926656,-0.5641707
0.6067246,-0.41372186
0.9526793,0.16584587
0.8560538,-0.97095853
0.8896674,-0.7530174
0.59441555,-0.5980112
0.78375196,-0.90179825
0.9748523,-0.8482485
0.7140181,-0.14101721
0.92154235,-0.26656678
-0.26359406,-0.41407794
0.70398283,-0.17822811
0.95275337,-0.72347414
0.6253129,-0.3469916
0.96652377,0.72319156
0.9440015,0.21465637
0.65288645,-0.04094727
0.97007066,0.07875062
0.9823547,-0.23075826
0.7714829,0.5014594
-0.42789313,0.08711492
0.94386315,-0.7787889
0.60196036,-0.636673
0.6099726,-0.55721396
0.5058779,-0.6764069
0.545435,-0.26396388
0.88984543,0.015451572
0.7068893,-0.34419003
0.95789856,0.28772986
0.9397452,-0.6091193
0.8157493,-0.9367958
0.97201943,-0.07257619
0.89206266,-0.41839197
0.8481143,0.27714244
0.7310941,-0.7937856
0.6161893,-0.3460421
0.7320717,-0.17456555
0.900704,-0.8049911
0.95722723,-0.44794673
0.98140645,0.065815315
0.95468026,0.76603496
0.5771478,-0.85573936
0.7967187,0.55132973
0.7864517,0.70718086
0.86195004,-0.06597358
0.35224998,0.59265506
0.5740983,-0.92469263
0.49335662,0.67495465
-0.7825442,0.40886673
0.84495056,0.9825069
0.79276025,0.011704402
0.59489954,-0.64672685
0.86119395,0.56930196
-0.5833884,-0.8500027
0.94328415,-0.9909959
0.8339201,0.23115449
0.915057,0.49106604
0.9168818,0.1670555
0.96146095,-0.7362499
0.98980063,-0.13469487
0.25179884,0.38540795
0.69498616,-0.42416024
0.6787354,0.9381086
0.92178607,0.38138974
0.6907704,0.78551507
0.9952663,0.8979466
-0.20465423,-0.08696498
0.9603201,0.35881627
0.83785474,-0.5188206
0.69815946,0.47861198
-0.021195693,0.81023765
0.86758035,-0.718207
0.6482693,0.89310056
-0.50966597,-0.33186918
0.8932617,0.5864115
0.9572004,-0.24326575
0.7591302,-0.4527598
0.8866644,0.9329504
-0.0691637,-0.90207845
0.9406914,0.9139359
0.8381456,-0.9172656
0.52706987,0.679832
0.97448635,0.9425897
0.6655979,0.8463523
0.9607026,0.9314103
0.83683395,-0.82886434
0.9556401,-0.41877878
0.8024821,0.84736264
0.27003467,-0.095165715
0.96311873,-0.084373154
0.66339,0.61520934
-0.020237304,0.65718323
0.9494499,0.71411574
0.77080244,-0.6232801
-0.300908,-0.42355376
0.7620004,0.72328913
0.69328916,0.24584736
0.9530283,-0.6459416
0.29881364,0.9613091
0.7360605,0.065151565
0.94957316,0.3493498
0.71185386,-0.0019908634
0.96220887,-0.3982316
0.5894319,0.9301266
0.79675364,-0.14546567
0.9669438,0.12826683
0.9141681,0.982958
0.79111624,0.94361156
0.9934368,0.49553895
0.7224089,-0.99127233
